GB.XPD.RSDV.GD.ZS,GC.XPN.TOTL.GD.ZS,IP.PAT.RESD,NE.RSB.GNFS.CD,NY.GDP.MKTP.KD.ZG,NY.GDP.PCAP.CD,NY.GNP.PCAP.CD,SE.ADT.LITR.ZS,SE.XPD.PRIM.PC.ZS,SE.XPD.TOTL.GD.ZS,SH.DYN.NMRT,SH.XPD.GHED.GD.ZS,SI.POV.GINI,SI.POV.NAHC,SL.UEM.TOTL.ZS,SP.DYN.LE00.IN,SP.POP.SCIE.RD.P6,VC.IHR.PSRC.P5,year,country
,,,4212460577.20916,-1.08993334133791,4004.00958893967,3870.0,,,,16.3,,,,,71.052,,,1988,ARG
,,,4964855540.62555,-7.15694965597953,2382.33806588418,2920.0,,,1.04612004756927,15.6,,,,,71.425,,,1989,ARG
,10.3254404487432,955.0,8096981411.08916,-2.46721377810472,4330.96745108666,3190.0,,,1.06737995147705,15.0,,,,,71.784,,,1990,ARG
,11.2055409345172,943.0,3029889879.39171,9.13311056738961,5730.72380988423,3860.0,96.0407180786133,,,14.7,,46.8,,5.44,72.319,,,1991,ARG
,11.8011099217048,503.0,-3510855354.69435,7.93729155643076,6815.33162293557,6060.0,,,,14.6,,45.5,,6.36,72.43,,,1992,ARG
,14.2818561185834,787.0,-5692332332.33233,8.20697907221228,6957.41749889251,7110.0,,,,14.4,,44.9,,10.1,72.565,,,1993,ARG
,14.9007924176507,694.0,-7914860000.0,5.83620070368526,7464.4747368819,7600.0,,,,14.2,,45.9,,11.76,73.172,,,1994,ARG
,15.5112306915719,676.0,-1059485000.0,-2.84520961057079,7383.70450960064,7340.0,,,,13.6,,48.9,,18.8,73.133,,,1995,ARG
0.417490005493164,15.1655476442657,1097.0,-1767000000.0,5.52668982715234,7690.15700254783,7700.0,,,3.73198008537292,12.6,,49.5,,17.11,73.307,,,1996,ARG
0.419589996337891,15.0142218610321,824.0,-6485300000.0,8.1110467707457,8176.77119517435,8110.0,,,,11.5,,49.1,,14.82,73.09,695.619445800781,,1997,ARG
0.411309987306595,15.0988005449104,861.0,-7530100000.0,3.85017885156228,8250.67317414321,7990.0,,10.95099,4.03986978530884,10.9,,50.7,,12.65,73.474,704.840881347656,,1998,ARG
0.453370004892349,16.7436856974566,899.0,-4900400000.0,-3.38545704063269,7735.32208018486,7540.0,,12.42388,4.52167987823486,10.9,,49.8,,14.05,73.722,713.078796386719,,1999,ARG
0.438840001821518,16.8328883767368,1062.0,-1846455600.0,-0.78899893905691,7666.51783423783,7430.0,,12.2987,4.58030986785889,11.1,4.49895144,51.1,,15.0,73.926,716.556457519531,,2000,ARG
0.424609988927841,16.9923529034125,691.0,3508536600.0,-4.40883968258557,7168.97587232911,6960.0,97.1933135986328,13.80064,4.833740234375,11.0,4.59210253,53.3,,17.32,74.186,688.277709960938,8.34834280792868,2001,ARG
0.388859987258911,19.6771706443151,718.0,14670786469.0802,-10.8944848285903,2579.48876933284,4020.0,,10.75649,4.01734018325806,10.7,4.03350496,53.8,,19.59,74.408,692.191833496094,9.42324762172539,2002,ARG
0.410129994153976,19.8373029880995,792.0,14311606659.1997,8.83704079576924,3333.15290388997,3640.0,,10.47639,3.53504991531372,10.3,3.77215648,50.9,,15.36,74.08,718.522766113281,7.75115556419001,2003,ARG
0.403759986162186,16.8763416365527,786.0,11530324282.1261,9.02957330068152,4258.16026060875,3360.0,,10.00318,3.48652005195618,9.7,3.74438357,48.4,,13.52,74.855,765.640197753906,6.04621868694569,2004,ARG
0.420740008354187,,1054.0,11805942344.4323,8.85165992013437,5086.62776073134,4240.0,,10.53523,3.86000990867615,9.2,3.91339946,47.7,,11.51,75.139,819.377685546875,5.62572777894156,2005,ARG
0.452160000801086,,1020.0,13069507211.5385,8.04715150043027,5890.97800169795,5460.0,,11.53286,4.12821006774902,8.7,4.01898909,46.3,,10.08,75.433,891.832763671875,5.34743773442615,2006,ARG
0.460070013999939,,937.0,12594785132.7093,9.00765087504757,7210.59554755899,6480.0,,12.6881,4.46260023117065,8.4,4.25491619,46.2,,8.47,75.006,974.718078613281,5.36411380031375,2007,ARG
0.470550000667572,,801.0,13446803975.2178,4.05723310346406,8977.50685093365,7630.0,,13.70256,4.84440994262695,8.1,4.50854683,44.9,,7.84,75.641,1035.99890136719,5.88720663318102,2008,ARG
0.583980023860931,,640.0,16864736858.9573,-5.91852507634947,8184.38988923991,7760.0,,14.80287,5.53105020523071,7.8,5.66982841,43.7,,8.65,75.936,1035.62536621094,6.49389936621435,2009,ARG
0.561039984226227,,552.0,12270934023.3519,10.1253981561002,10385.9644319555,9270.0,,13.68048,5.01971006393433,7.6,5.56834269,43.6,,7.71,75.721,1123.83312988281,5.80046925893628,2010,ARG
0.565970003604889,,688.0,8971672206.31796,6.00395169280579,12848.7404762598,10710.0,,14.20816,5.29062986373901,7.5,5.68117285,42.6,,7.18,76.124,1180.67297363281,6.04758007684834,2011,ARG
0.634909987449646,,735.0,10642160447.0661,-1.0264204544321,13082.664325572,11890.0,,14.56387,5.34582996368408,7.5,6.13485479,41.3,,7.22,76.467,1203.37121582031,6.3119206747939,2012,ARG
0.618489980697632,,643.0,-549718918.473333,2.40532378079436,13080.2547323367,12870.0,,14.38084,5.43661022186279,7.4,6.22042274,40.9,,7.1,76.491,1198.26440429688,7.24728815890076,2013,ARG
0.593959987163544,24.5697808575806,509.0,2127192190.98412,-2.51261532081394,12334.7982453893,12350.0,,14.38654,5.36144018173218,7.0,6.3273077,41.6,,7.27,76.755,1206.94189453125,7.53781983762934,2014,ARG
0.622619986534119,25.0083932347048,546.0,-6393090842.80549,2.73115982828944,13789.060424772,12600.0,,15.64309,5.77611017227173,6.6,6.82437325,,,7.524,76.76,1230.53942871094,6.55846615392808,2015,ARG
0.558149993419647,26.1799164832469,884.0,-5796649625.96818,-2.08032784377811,12790.2640639201,12220.0,,15.2222,5.54548978805542,6.4,5.59118652,42.0,30.3,8.109,76.308,1259.64013671875,6.01123358722838,2016,ARG
0.556309998035431,24.2825320419979,393.0,-17049937741.2364,2.81850297775918,14613.035714704,13140.0,,14.97726,5.45431995391846,6.2,6.59935713,41.1,25.7,8.35,76.833,1210.45654296875,5.25938076500315,2017,ARG
0.494349986314774,22.6877806247463,425.0,-9914710977.84628,-2.61739646282038,11795.1628852236,12430.0,,,4.87773990631104,6.1,5.96251631,41.3,32.0,9.22,76.999,1224.17919921875,5.36772568472051,2018,ARG
0.478130012750626,22.036480926619,442.0,14413857877.8198,-2.00086100285785,9963.67423069626,11220.0,,,4.77759981155396,5.9,6.05942106,42.9,35.5,9.84,77.284,1226.06970214844,5.15582342098159,2019,ARG
0.525219976902008,25.8539425343283,930.0,11573710633.0998,-9.94323513446069,8496.428156755,9010.0,,,5.27964019775391,5.6,6.6165266,42.3,42.0,11.46,75.892,1236.8935546875,5.36681384363525,2020,ARG
,22.8656312880663,406.0,15050329403.8568,10.3982494646904,10636.1155301986,9960.0,,,4.6476001739502,5.1,,42.0,37.3,8.74,75.39,,4.62267855620475,2021,ARG
,,,9363392139.15852,5.2430444992488,13686.0086737317,11620.0,,,,,,,39.2,6.491,,,,2022,ARG
,,4780.0,-3110174506.17284,11.222594982521,283.537695240524,330.0,,,1.76417994499207,,,,,,67.581,,,1988,CHN
,,4749.0,-3755954008.09717,4.20633435547815,310.8819124049,320.0,,,,29.7,,,,,67.838,,,1989,CHN
,,5832.0,9756630516.25238,3.92025136776569,317.884673040928,330.0,77.7850570678711,,,29.6,,32.2,,,68.005,,,1990,CHN
,,7372.0,10759018013.9373,9.26278608406234,333.142145400184,350.0,,,,29.4,,,,2.37,68.169,,,1991,CHN
,,10022.0,4326840000.0,14.2245295931824,366.460692306116,390.0,,,1.65455996990204,29.0,,,,2.37,68.734,,,1992,CHN
,,12084.0,-8470634934.48693,13.8837293021031,377.3898394789,420.0,,,1.65785002708435,28.4,,33.9,,2.69,69.216,,,1993,CHN
,,11191.0,7356963579.52908,13.0368066319673,473.489934719476,470.0,,,1.98571002483368,27.6,,,,2.9,69.52,,,1994,CHN
,,10011.0,11957976135.7853,10.9539543428699,609.604362258828,540.0,,,1.84192001819611,26.7,,,,3.0,70.008,,2.24571072330302,1995,CHN
0.563239991664886,,11628.0,17550052771.3213,9.92255675231162,709.415888233368,650.0,,,1.85338997840881,25.6,,35.2,,3.12,70.266,437.826904296875,2.0687962298406,1996,CHN
0.638729989528656,,12672.0,42823133909.2742,9.23677989162672,781.74259264729,750.0,,,,24.5,,,,3.23,70.672,466.483245849609,2.10615361955854,1997,CHN
0.646889984607697,,13751.0,43836910102.4183,7.84595178761953,828.594657681663,800.0,,5.90241,1.84432995319366,23.4,,,,3.24,71.172,381.687683105469,,1998,CHN
0.749629974365234,,15626.0,30640955376.7727,7.66165150053656,873.297610969115,860.0,,,1.88803994655609,22.4,,38.7,,3.25,71.419,414.431396484375,,1999,CHN
0.893159985542297,,25346.0,28785837091.1412,8.49009340575191,959.360412054851,940.0,90.9202117919922,,,21.3,0.99070781,,49.8,3.26,71.881,538.577819824219,,2000,CHN
0.940330028533936,,30038.0,28086327747.6868,8.3357334781433,1053.11227201705,1010.0,,,,19.9,0.9747563,,,3.8,72.606,571.710388183594,,2001,CHN
1.05786001682281,,39806.0,37382863207.8877,9.13363078993316,1148.51418772689,1110.0,,,,18.4,1.11262381,42.0,,4.24,72.985,619.974426269531,2.05132829907031,2002,CHN
1.12037003040314,,56769.0,35820970383.5229,10.038030481108,1288.63754323945,1280.0,,,,16.9,1.25344622,,,4.58,73.371,655.444152832031,1.89258313764683,2003,CHN
1.21498000621796,,65786.0,51174377386.754,10.1136213780461,1508.66794598726,1510.0,,,,15.4,1.29851866,,,4.49,73.748,700.070129394531,1.90551215066814,2004,CHN
1.30791997909546,,93485.0,124626544035.602,11.3945918097286,1753.41426293188,1760.0,,,,13.9,1.36797953,40.9,30.2,4.52,74.111,840.635620117188,1.59170802242336,2005,CHN
1.36854004859924,,122318.0,208917920094.28,12.7209556651735,2099.21934229104,2060.0,,,,12.5,1.38712025,,,4.43,74.504,914.3369140625,1.36875971812117,2006,CHN
1.37369000911713,,153060.0,308034712832.315,14.2308609330803,2693.95855454419,2510.0,,,2.70073485374451,11.3,1.43417549,,,4.35,74.762,1057.49438476562,1.2197380785422,2007,CHN
1.44591999053955,,194579.0,348834792215.184,9.65067891955702,3468.32706307504,3100.0,,,3.63178825378418,10.2,1.7363745,43.0,,4.59,74.872,1176.45971679688,1.11346908670102,2008,CHN
1.66480004787445,,229096.0,220129884127.187,9.39872563237978,3832.2274278698,3680.0,,,3.75152206420898,9.2,2.14862132,,,4.72,75.343,846.5595703125,1.09526694544286,2009,CHN
1.7137199640274,,293066.0,222400892743.701,10.6358710646812,4550.47392427081,4340.0,95.1244812011719,,3.75464248657227,8.4,2.19598818,43.7,17.2,4.53,75.599,884.593383789062,0.99466591452023,2010,CHN
1.78033995628357,,415829.0,180895312627.999,9.55083217886229,5614.38573851229,5040.0,,,3.52196502685547,7.6,2.33301282,42.4,12.7,4.55,75.903,957.565002441406,0.885346696134694,2011,CHN
1.91214001178741,,535313.0,231864028157.491,7.86373644866194,6300.58235236313,5910.0,,,3.94409418106079,7.0,2.54478717,42.2,10.2,4.58,76.192,1014.31188964844,0.825868841792009,2012,CHN
1.99785995483398,,704936.0,234872105062.031,7.766150097539,7020.38568208449,6740.0,,,3.71047639846802,6.4,2.68986797,39.7,8.5,4.6,76.452,1066.20983886719,0.773199449343194,2013,CHN
2.02242994308472,,801135.0,221549602464.366,7.42576365645755,7636.07422276004,7470.0,,,3.58033418655396,5.8,2.79103708,39.2,7.2,4.63,76.717,1089.19641113281,0.727914756317719,2014,CHN
2.05700993537903,,968252.0,358836376049.005,7.04132887865481,8016.44601585644,7890.0,,,3.81382989883423,5.3,2.97190666,38.6,5.7,4.65,76.977,1150.8193359375,0.660106050334851,2015,CHN
2.10033011436462,,1204981.0,255484325852.786,6.84876220503246,8094.39037512163,8210.0,,,3.76111555099487,4.9,2.89319348,38.5,4.5,4.56,77.218,1196.68798828125,0.615882984238859,2016,CHN
2.11602997779846,,1245709.0,215697130710.845,6.94720079327288,8817.04549566316,8670.0,,,3.66745042800903,4.4,2.87102771,39.1,3.1,4.47,77.248,1224.7822265625,0.566555783864419,2017,CHN
2.14057993888855,,1393815.0,91487262640.0586,6.74977383247717,9905.4061175104,9540.0,,,3.54249453544617,4.1,2.91554713,38.5,1.7,4.31,77.744,1307.12133789062,0.531025483737603,2018,CHN
2.2446300983429,,1243568.0,132787798563.853,5.95050075376979,10143.8602060373,10310.0,,,3.54105472564697,3.7,2.99503422,38.2,0.6,4.56,77.968,1471.25390625,0.518966640910828,2019,CHN
2.40666007995605,,1344817.0,355147098519.031,2.23863835629443,10408.7191247747,10520.0,97.1500015258789,,3.57295632362366,3.4,3.06103563,37.1,0.0,5.0,78.077,1584.86511230469,0.502270364156281,2020,CHN
,,1426644.0,460829370828.49,8.44747829343031,12617.5049863004,11930.0,,,3.29784345626831,3.2,,,,4.55,78.211,,,2021,CHN
,,,576651109340.323,2.9908045977096,12720.2156397612,12850.0,,,,,,,,4.886,,,,2022,CHN
,14.5711299675288,308908.0,60323835039.2112,6.66163652201594,25059.013951522,25170.0,,,5.55604982376099,2.8,,,,,78.349756097561,,,1988,JPN
,15.0148504256774,317566.0,41293256171.7302,4.92578541306383,24822.7725683724,27470.0,,,5.3671498298645,2.6,,,,,78.7685365853659,,,1989,JPN
,14.0808648867911,333230.0,24355543277.4488,4.84092905745234,25371.4641705246,28380.0,,,,2.5,,,,,78.8370731707317,,0.54654386559044,1990,JPN
,,335933.0,53732307235.4745,3.52335723533228,28915.0153598631,29080.0,,,,2.5,,,,2.1,79.0368292682927,,0.515015261901017,1991,JPN
,,338019.0,80350516115.1089,0.900586066360461,31414.9763689392,31050.0,,,,2.4,,,,2.2,79.080243902439,,0.540802491272167,1992,JPN
,,332345.0,95479419130.8204,-0.459219716150798,35681.968488155,34100.0,,,3.42903995513916,2.3,,,,2.5,79.3036585365854,,0.5730104397333,1993,JPN
,15.0271835238702,319938.0,93444917657.0152,1.08338317429946,39933.5127773513,37150.0,,,3.63566994667053,2.3,,,,2.9,79.6968292682927,,0.600227294327572,1994,JPN
,15.0254930135052,334612.0,68922273068.1471,2.63099961644897,44197.6288907577,42570.0,,,3.40211009979248,2.2,,,,3.2,79.5360975609756,,0.577196120522967,1995,JPN
2.6430299282074,14.9490787342868,340101.0,18591814104.4123,3.13387099280445,39150.0552266575,43940.0,,,,2.1,,,,3.4,80.219756097561,4874.802734375,0.518587120842722,1996,JPN
2.72177004814148,14.431030048272,350807.0,44200032047.8747,0.981228732132223,35638.2430014349,40760.0,,,,2.0,,,,3.4,80.4241463414634,4928.90283203125,0.563366940141775,1997,JPN
2.82745003700256,20.1145615989938,359381.0,71492903284.5732,-1.27033049463975,32423.7554482542,35010.0,,,3.29797005653381,1.9,,,,4.1,80.5014634146342,5135.7626953125,0.613577609531718,1998,JPN
2.84671998023987,17.3108900923912,360180.0,68865069123.8333,-0.333929957747415,36610.1667092968,34320.0,,,3.37812995910645,1.8,,,,4.7,80.4609756097561,5174.98095703125,0.581565037820731,1999,JPN
2.8584098815918,17.1095576406981,387364.0,67799064756.3317,2.76464755143648,39169.3601759313,36810.0,,,3.46011996269226,1.8,5.65793514,,,4.75,81.0760975609756,5078.033203125,0.534684034581565,2000,JPN
2.92348003387451,16.2333992095233,386767.0,25985578456.5237,0.386103426145752,34406.1690160364,37380.0,,,3.40082001686096,1.7,5.86137772,,,5.02,81.4163414634146,5113.158203125,0.548534996223864,2001,JPN
2.96514010429382,16.1070602104528,369458.0,52861509768.2477,0.0419624993125609,32820.788626377,35360.0,,,3.40898990631104,1.7,5.93724489,,,5.39,81.6907317073171,4871.5302734375,0.520024270993823,2002,JPN
2.99320006370544,15.7293776764486,358184.0,72560585163.8018,1.53512549928013,35387.0483579741,35660.0,,,3.46662998199463,1.6,5.98652935,,,5.25,81.76,5094.3095703125,0.546656580316822,2003,JPN
2.98125004768372,15.0737560136373,368416.0,93369256791.1048,2.1861156944216,38298.9801712303,39000.0,,,3.42611002922058,1.5,6.04880905,,,4.73,82.030243902439,5099.263671875,0.547499761467513,2004,JPN
3.13091993331909,15.0518407348066,367960.0,67729278919.6798,1.80390087227372,37812.8910174761,41280.0,,,3.31493997573853,1.4,6.2159934,,,4.45,81.9551219512195,5303.91650390625,0.503136295796191,2005,JPN
3.2276599407196,14.8453333163917,347060.0,59746699274.6745,1.37235012762038,35991.5423923387,40590.0,,,3.27667999267578,1.3,6.17422724,,,4.19,82.3219512195122,5333.04345703125,0.483963653250691,2006,JPN
3.29257011413574,14.0037943063894,333498.0,80680384420.1836,1.48396941163492,35779.0156794464,39310.0,,,3.27934002876282,1.3,6.32067204,,,3.89,82.5070731707317,5325.62353515625,0.448414988166297,2007,JPN
3.29223990440369,15.2644121011595,330110.0,17444938348.4192,-1.22428900072828,39876.3062956324,39380.0,,,3.27241992950439,1.2,6.56596708,34.8,,4.0,82.5875609756098,5108.78271484375,0.510627800249869,2008,JPN
3.19589996337891,18.2117006884089,295315.0,23747973542.4088,-5.69323635882266,41309.0016548642,39230.0,,,3.5559778213501,1.2,7.282969,,,5.07,82.9314634146342,5099.2109375,0.394951360178921,2009,JPN
3.10494995117188,17.2217468141394,290081.0,77087145544.4656,4.09791791930137,44968.1562349739,43910.0,,,3.59951996803284,1.1,7.42507124,32.1,,5.1,82.8426829268293,5103.62548828125,0.362982268878202,2010,JPN
3.20536994934082,18.5956788727445,287580.0,-40268387502.2206,0.0238095237748297,48760.0789494211,47470.0,,,3.60527992248535,1.0,8.78255081,,,4.55,82.5912195121951,5110.16552734375,0.345292924858522,2011,JPN
3.17371010780334,18.1117047475127,287013.0,-102952163351.723,1.37475099920874,49145.2804308193,50060.0,,,3.64741992950439,1.0,8.9568243,,,4.36,83.0960975609756,5032.93115234375,0.335539794266786,2012,JPN
3.27895998954773,18.1406509054638,271731.0,-125640835016.628,2.0051001767726,40898.6478964744,48850.0,,22.97133,3.62496995925903,1.0,8.99433517,32.9,,4.04,83.3319512195122,5147.43505859375,0.28978940956614,2013,JPN
3.36788010597229,17.5741647729135,265959.0,-127034100865.031,0.296205514142628,38475.3952461838,44440.0,,22.54562,3.55158996582031,0.9,9.02501678,,,3.59,83.5878048780488,5328.40966796875,0.309860461989398,2014,JPN
3.24071002006531,16.9738322401834,258839.0,-24619967678.3689,1.56062669674904,34960.6393843385,39380.0,,,3.22902536392212,0.9,9.03866768,,,3.39,83.7939024390244,5173.03076171875,0.285263134377176,2015,JPN
3.10665988922119,16.7112630027742,260244.0,40314211663.7384,0.753826745903538,39375.4731620781,38460.0,,21.78104,3.14643001556396,0.9,8.95745564,,,3.13,83.9848780487805,5209.369140625,0.285053157000133,2016,JPN
3.16635990142822,16.1953846960528,260292.0,37457827821.0827,1.67533175166503,38834.0529341227,38930.0,,,3.13057994842529,0.9,8.97414494,,,2.82,84.099756097561,5304.1376953125,0.241586947710921,2017,JPN
3.22113990783691,16.0713191758764,253630.0,1006129335.009,0.643391023460339,39751.1330982711,41800.0,,,3.07782006263733,0.9,9.00234032,,,2.47,84.2109756097561,5331.150390625,0.264542163926071,2018,JPN
3.21489000320435,16.4238978704123,245372.0,-14809695880.2551,-0.402169200910947,40415.9567649547,41970.0,,,3.15533995628357,0.9,9.04153156,,,2.35,84.3563414634146,5374.5810546875,0.25359388544281,2019,JPN
3.2746000289917,23.6249597464135,227348.0,-13587503404.4538,-4.27860368763963,39986.9286287091,40870.0,,,3.41698098182678,0.8,9.18607235,,,2.8,84.56,5454.68310546875,0.253902836917477,2020,JPN
,21.7418275497457,222452.0,-26898256913.4989,2.14248736902735,39827.1267678179,43450.0,,,3.31738376617432,0.8,,,,2.8,84.4456097560976,,0.228708941914955,2021,JPN
,,,,1.02862486644142,33815.3172733799,42440.0,,,,,,,,2.641,,,,2022,JPN
,24.1975536864159,1418.0,-1557033632.65406,5.75734106582576,14284.4292034947,14140.0,,,4.90720987319946,5.1,,,,,76.4326829268293,,,1988,AUS
,22.183936135549,1649.0,-5487300930.29254,3.87542552074743,17834.4478503956,15600.0,,,4.73919010162354,4.9,,33.2,,,76.7136585365854,,,1989,AUS
,21.8154817794558,1712.0,-5989169015.30382,3.57648576106794,18249.533940858,17340.0,,,4.66683006286621,4.6,,,,,76.9946341463415,,2.19380533895964,1990,AUS
,23.1651177348678,1717.0,-431670203.964172,-0.383071892767745,18860.2731986567,18240.0,,,4.78467988967896,4.4,,,,9.58,77.2756097560976,,1.96860816883803,1991,AUS
,24.4360236150715,1695.0,885182044.878191,0.42861956748601,18624.5908924368,18570.0,,,4.68267011642456,4.2,,,,10.73,77.3780487804878,,1.72369323437234,1992,AUS
,24.9685414251466,1663.0,-999859471.613266,4.04742526816615,17700.1155557894,18950.0,,,5.50545978546143,4.0,,,,10.87,77.8780487804878,,1.88866404838088,1993,AUS
,25.0918839915049,1699.0,-1661016949.15254,3.98092334747493,18129.7907198601,18930.0,,,5.24475002288818,3.9,,,,9.72,77.8780487804878,,1.79719709141623,1994,AUS
,25.3876469306915,1784.0,-7226017226.01723,3.88710629393142,20446.7198474713,19370.0,,15.68629,5.13100004196167,3.7,,32.6,,8.47,77.8292682926829,,1.9774483129172,1995,AUS
1.66231000423431,24.5651582067881,1797.0,-1817146043.78728,3.85684122668562,22020.0797987016,20590.0,,,5.22780990600586,3.7,,,,8.51,78.0780487804878,3355.86499023438,1.94378982624249,1996,AUS
,23.8071027688151,1760.0,1194238542.49681,3.91283547292693,23645.0574875342,22060.0,,,,3.6,,,,8.36,78.4804878048781,,1.97715940910201,1997,AUS
1.5135600566864,21.3278571671023,1862.0,-3507427253.61188,4.61335689242107,21478.3851573346,21920.0,,,,3.6,,,,7.68,78.6317073170732,3382.171875,1.79553800205111,1998,AUS
,24.5184972995938,1858.0,-9508710364.70736,4.95632450612884,20698.7127028167,21590.0,,,,3.5,,,,6.87,78.9317073170732,,2.04777523448822,1999,AUS
1.5731999874115,24.0475111755467,1928.0,-8967395144.10014,3.90117137135968,21853.4499933573,21280.0,,16.74596,4.8840799331665,3.5,5.45928478,,,6.28,79.2341463414634,3475.3251953125,1.90346358335012,2000,AUS
,26.1969228854032,2187.0,326284993.12637,2.04141733816161,19681.6450326534,20310.0,,,5.22613859176636,3.5,5.46306753,33.5,,6.74,79.6341463414634,,1.80277135832717,2001,AUS
1.74749004840851,26.3711684924223,2364.0,16743078.7644131,3.99358986481653,20290.7804189053,20200.0,,,5.30785512924194,3.4,5.66730642,,,6.37,79.9365853658537,3771.5380859375,1.87925103528248,2002,AUS
,25.7176458276753,2418.0,-9762376237.62376,3.1113982078941,23705.9072163917,21370.0,,,5.24635744094849,3.4,5.62377834,33.5,,5.93,80.2390243902439,,1.53307282263429,2003,AUS
1.84902000427246,25.619485421829,2559.0,-16501636079.1009,4.21663327252608,30819.9934867745,25830.0,,,5.19459438323975,3.3,5.79951096,33.1,,5.39,80.490243902439,4084.15161132812,1.31994610203354,2004,AUS
,25.5686400858015,2555.0,-18867201154.6745,3.15375271041142,34460.5429970479,30720.0,,17.92028,4.8967399597168,3.3,5.72834206,,,5.03,80.8414634146341,,1.28397511557077,2005,AUS
2.18010997772217,24.9160079447074,2837.0,-13863448352.836,2.74063570365783,36570.7630699009,34580.0,,17.73229,4.73843002319336,3.2,5.71999836,,,4.78,81.0414634146342,4248.25634765625,1.37293979634563,2006,AUS
,24.463559144488,2718.0,-14030776477.9775,3.77791678266478,41023.7548562293,37370.0,,17.28608,4.65364980697632,3.1,5.87543869,,,4.38,81.2926829268293,,1.22414721104701,2007,AUS
2.39995002746582,24.332380954804,2821.0,-26920531654.1636,3.5682700322582,49681.2190739771,42380.0,,17.65014,4.63051986694336,3.0,5.96992397,35.4,,4.23,81.3951219512195,4343.12646484375,1.22835824555239,2008,AUS
,26.4703340545692,2494.0,2604926439.00205,1.87048696091408,42810.4658391817,44080.0,,19.91991,5.08131980895996,2.9,6.24410963,,,5.56,81.5439024390244,,1.21416975810599,2009,AUS
2.37074995040894,26.7112315253559,2409.0,-10587136393.2841,2.20656631017093,52132.469607935,46740.0,,22.33566,5.53811979293823,2.8,6.09483814,34.7,,5.21,81.6951219512195,4532.4013671875,1.04908593619237,2010,AUS
2.23483991622925,25.9991694885022,2383.0,14436091234.5319,2.3913851323057,62598.6866176979,50400.0,,19.96941,5.06814002990723,2.6,6.25611258,,,5.08,81.8951219512195,,1.10927057676792,2011,AUS
,26.130534017342,2627.0,-2599606800.69733,3.902007806318,68047.3781775015,60270.0,,18.14095,4.86667013168335,2.5,6.17947626,,,5.22,82.0463414634146,,1.06910609399713,2012,AUS
2.17843008041382,25.893427781878,3061.0,-20547199561.2091,2.57875428825342,68156.3861047269,66050.0,,18.65626,5.22909021377563,2.4,5.9267602,,,5.66,82.1487804878049,,1.06006540430473,2013,AUS
,26.2696602082951,1988.0,-4094497211.76915,2.57901711177597,62515.3148315008,65190.0,,18.24146,5.16454982757568,2.4,6.90871811,34.4,,6.08,82.3,,1.03538284526998,2014,AUS
1.92070996761322,26.7777158328225,2291.0,-20082675872.996,2.1527359059391,56708.96119674,60480.0,,18.78482,5.3155198097229,2.3,7.23406696,,,6.05,82.4,,0.990754226978393,2015,AUS
,26.990150452056,2620.0,-27489349718.8352,2.73054799209893,49876.7123761245,54080.0,,19.30184,5.28689002990723,2.3,7.17459917,33.7,,5.71,82.4487804878049,,0.938183172742481,2016,AUS
1.87977004051208,26.6160761598064,2503.0,6778542174.98202,2.28218364248465,53934.1543741253,51490.0,,,5.13822984695435,2.3,7.21655941,,,5.59,82.5,,0.84586083389231,2017,AUS
,26.2209281816529,2757.0,5102626649.38846,2.88304512347683,57206.9906696898,53100.0,,,5.12431001663208,2.3,7.20352697,34.3,,5.3,82.7487804878049,,0.884735037869462,2018,AUS
1.82892000675201,26.1859445097716,2637.0,34476238533.8982,2.1713962244835,54941.0657202842,54900.0,,,5.13429021835327,2.4,7.5498395,,,5.16,82.9,,0.887322993851443,2019,AUS
,30.2886478256059,2368.0,50200066281.9446,-0.0508853360838941,51722.0690001531,53620.0,,,5.60844993591309,2.4,7.99613142,,,6.46,83.2,,0.860925458639047,2020,AUS
,32.7188898005642,2966.0,66460222794.1112,2.23621243944461,60444.5023551978,57170.0,,,5.55604839324951,2.4,,,,5.12,83.3,,0.744567483256587,2021,AUS
,,,98354118409.9048,3.61758857230203,64491.4298860631,60430.0,,,,,,,,3.661,,,,2022,AUS
,25.545752066249,31912.0,-4853122842.18733,3.70723565949591,17931.2823228876,18620.0,,,,3.2,,,,,74.9987317073171,,,1988,DEU
,24.5573262887848,31171.0,-8627127847.70623,3.89655169214447,17764.376445833,19760.0,,,,3.3,,,,,75.1915365853659,,,1989,DEU
,24.6856870424495,30724.0,-3400093209.05459,5.25500608278011,22303.9613266628,21300.0,,,,3.4,,,,,75.0856341463415,,1.17298437816633,1990,DEU
,31.0856350107201,32256.0,-9112551561.57926,5.10826152190214,23357.757725073,22890.0,,,,3.4,,29.5,,5.32,75.319512195122,,1.41224552834602,1991,DEU
,31.30671069175,33919.0,-10688791484.0326,1.923076559054,26438.2303888417,25810.0,,,,3.4,,29.0,,6.32,75.819512195122,,1.44379972178802,1992,DEU
,31.8064527183318,34752.0,1038684490.71336,-0.976849818160517,25522.6295733618,25990.0,,,4.40791988372803,3.3,,28.5,,7.68,75.8707317073171,,1.67300688285953,1993,DEU
,31.8936350468695,36715.0,3606122694.94998,2.39189207051331,27076.60675014,27530.0,,,4.33663988113403,3.2,,29.2,,8.73,76.2707317073171,,2.40967948839525,1994,DEU
,38.3255129023915,38103.0,10519994540.7397,1.54414649556445,31658.3493789135,29520.0,,,4.4307599067688,3.1,,28.7,,8.16,76.4219512195122,,2.50483022671826,1995,DEU
2.1446099281311,32.4507905776057,42322.0,17841174941.5129,0.80582289149001,30485.8665482279,30860.0,,,4.49470996856689,3.0,,28.0,,8.82,76.6731707317073,2830.52905273438,2.36528848739801,1996,DEU
2.18831992149353,31.8927160084644,44438.0,23842770133.0927,1.79216082094591,26964.0494672673,30140.0,,,,2.9,,28.3,,9.86,77.0731707317073,2896.74658203125,2.2103223107957,1997,DEU
2.21613001823425,31.7022269437357,46523.0,27513615649.661,2.01393278519326,27289.0593603191,27950.0,,16.4901,4.46187019348145,2.8,,28.1,,9.79,77.4756097560976,2920.19897460938,1.96505627034307,1998,DEU
2.34779000282288,31.6223512731369,50029.0,12129601753.2819,1.88726115399444,26734.9425369252,26840.0,,,,2.8,,29.0,,8.85,77.7268292682927,3129.26928710938,1.62585746048789,1999,DEU
2.40982007980347,31.3132203936295,51736.0,3299144025.09805,2.91250296366708,23694.7604830673,26180.0,,,4.06815242767334,2.8,7.73300314,28.8,,7.92,77.9268292682927,3167.95092773438,1.67255910629526,2000,DEU
2.40437006950378,30.7393649829232,49989.0,31649756244.8819,1.68146848097079,23628.3272122367,24770.0,,,4.14708137512207,2.7,7.75525427,29.9,,7.77,78.3292682926829,3245.82421875,1.44882077122202,2001,DEU
2.4362199306488,31.1779156733936,47598.0,88341170877.6472,-0.197973834771361,25197.2656001848,23680.0,,,4.16305732727051,2.7,7.92509031,29.9,,8.48,78.2292682926829,3260.09204101562,1.43903572131755,2002,DEU
2.47461009025574,31.5756227476408,47818.0,94414564452.1567,-0.700116686114356,30310.3575963774,26140.0,,,4.17101860046387,2.7,8.05197239,29.9,,9.78,78.3804878048781,3295.27709960938,1.34854705026876,2003,DEU
2.43518996238708,30.3906705797076,48448.0,146361278278.379,1.17508813160987,34106.6581224001,31670.0,,,4.10064888000488,2.6,7.70017481,30.2,,10.73,78.6804878048781,3309.57348632812,1.36833459393619,2004,DEU
2.44193005561829,30.4945571185722,48367.0,148049230592.996,0.731707163554191,34520.2396492496,35770.0,,,4.62490797042847,2.6,7.80322599,31.6,,11.17,78.9317073170732,3335.03491210938,1.28552164744574,2005,DEU
2.47232007980347,29.1920187163533,48012.0,162195744825.882,3.816441912988,36353.8803343631,38270.0,,15.60472,4.02527379989624,2.6,7.65903044,31.0,,10.25,79.1317073170732,3434.5693359375,1.21708126997971,2006,DEU
2.4604799747467,28.0020803744674,47853.0,231949296703.138,2.97645513131597,41640.0808695147,40470.0,,15.13138,3.92246603965759,2.5,7.55503988,31.1,,8.66,79.5341463414634,3578.50341796875,1.09381387220944,2007,DEU
2.61512994766235,28.2725241410726,49240.0,227471453063.281,0.95987913356484,45612.7106221441,43650.0,,15.10081,4.54924011230469,2.4,7.7165823,30.9,,7.52,79.7365853658537,3733.27807617188,1.02317872893425,2008,DEU
2.74266004562378,31.0460680451235,47859.0,170941744060.156,-5.69383633640285,41650.3678297162,43660.0,,17.1887,4.34005403518677,2.4,8.50175571,30.5,,7.74,79.8365853658537,3922.21459960938,0.98817859057552,2009,DEU
2.73024010658264,31.3667134612385,47047.0,178901487016.671,4.17988249873657,41572.4559481517,44680.0,,17.66182,5.09588003158569,2.3,8.39849472,30.3,,6.97,79.9878048780488,4058.00024414062,0.975098828664069,2010,DEU
2.80555009841919,28.8749832934852,46986.0,184022052256.811,3.92519270463411,46705.8957963357,47320.0,,17.05452,4.98425006866455,2.3,8.12835026,30.7,,5.82,80.4365853658537,4188.8115234375,0.906373597027625,2011,DEU
2.88165998458862,28.4938677234993,46620.0,215162274090.234,0.418497594217598,43855.8544658618,46560.0,,17.32327,4.92844009399414,2.3,8.18770885,31.1,,5.38,80.5390243902439,4352.32275390625,0.808137138983971,2012,DEU
2.8359899520874,28.5460010315329,47353.0,215010357486.669,0.437591303144671,46298.9229177345,47220.0,,17.55396,4.93538999557495,2.3,8.4049654,31.5,,5.23,80.490243902439,4366.6865234375,0.834959673376019,2013,DEU
2.87784004211426,28.0521822895851,48154.0,257397026960.779,2.20954343134872,48023.8699845455,47640.0,,17.6705,4.92102003097534,2.3,8.48884487,30.9,,4.98,81.090243902439,4320.7041015625,0.87467661550236,2014,DEU
2.9337899684906,27.9881897309479,47384.0,255017099858.594,1.49193152760772,41103.2564363768,45780.0,,17.50845,4.85515022277832,2.3,8.60692406,31.4,,4.62,80.6414634146341,4743.7861328125,0.830965265091444,2015,DEU
2.94039011001587,27.902920178388,48480.0,255966917231.914,2.22999986782015,42136.1207908003,44280.0,,17.44257,4.83923006057739,2.3,8.68167686,31.4,,4.12,80.990243902439,4861.7431640625,1.16966277365121,2016,DEU
3.04710006713867,28.0782392046915,47785.0,261639808876.473,2.68023111405891,44652.5891722723,43760.0,,,4.87182998657227,2.3,8.78484631,31.9,,3.75,80.9926829268293,5076.51904296875,0.9839711463351,2017,DEU
3.11011004447937,27.9221203702328,46617.0,242355484501.956,0.981232606004738,47939.2782884496,47490.0,,,4.97933006286621,2.3,8.85075378,31.8,,3.38,80.8926829268293,5217.30029296875,0.950580714040646,2018,DEU
3.16778993606567,28.3871924359248,46632.0,219794266831.368,1.05660389828289,46793.6867615995,49220.0,,,5.11676979064941,2.3,9.02511978,31.7,16.1,3.14,81.2926829268293,5396.470703125,0.749265097821008,2019,DEU
3.10929989814758,32.5894233621011,42260.0,218908737456.806,-3.69678870538043,46772.8253507537,48050.0,,,5.58759021759033,2.2,10.05796528,,16.0,3.86,81.0414634146342,5393.1455078125,0.938448940112227,2020,DEU
,33.465787464427,39822.0,226557454616.275,2.62698726672524,51203.5544731043,51660.0,,,4.53096389770508,2.2,,,14.7,3.57,80.9009756097561,,0.833247865481232,2021,DEU
,,,83746852093.3855,1.78520820964427,48432.4558732596,53390.0,,,,,,,,2.989,,,,2022,DEU
,,3236.0,2715968017.4947,3.27759603695701,32690.4302734561,,,,4.23081016540527,4.2,,,,,77.2265853658537,,,1988,CHE
,,3247.0,2503120864.3428,4.33079421124518,31308.1723794512,,,,4.14315986633301,4.0,,,,,77.4212195121951,,,1989,CHE
,14.0359260685729,2987.0,551682973.503142,3.67462559317617,39575.726814294,,,,4.39194011688232,3.9,,,,,77.2424390243902,,1.63893074370356,1990,CHE
,15.0879116119048,2949.0,3789807239.69804,-0.91581666845633,39544.7244869799,,,,4.5450701713562,3.8,,,,1.82,77.5146341463415,,1.44215352960454,1991,CHE
,16.3922335408095,3068.0,7226900516.87092,-0.0437330034965839,40713.1573543305,,,,,3.7,,33.9,,2.81,77.8060975609756,,1.35308566821845,1992,CHE
,17.5827336399258,2999.0,10772593027.0593,-0.125983394603708,39236.676083733,,,,4.94459009170532,3.6,,,,3.55,78.0853658536586,,1.51381442163422,1993,CHE
,17.6792138702836,3033.0,11976204446.5404,1.26975767606226,43092.0133989014,,,,4.90888977050781,3.5,,,,3.58,78.35,,1.14424044782711,1994,CHE
,17.621135865514,2890.0,13363100235.8764,0.480866448949428,50115.1388593703,46700.0,,,4.9128999710083,3.4,,,,3.09,78.4170731707317,,1.16505455794207,1995,CHE
2.37649011611938,18.3043333152888,2504.0,11233851667.8668,0.471280020946296,48092.2542077433,49670.0,,,4.92260980606079,3.4,,,,3.68,78.8960975609756,3140.79223632812,1.17402585204926,1996,CHE
,18.5289874080571,2408.0,13321314327.5483,2.26132523902862,41584.0836197906,49290.0,,,,3.4,,,,4.13,79.079512195122,,1.2276002637224,1997,CHE
,18.5222897658126,2025.0,11451678574.4546,3.0299691703928,42680.1949525032,46130.0,,21.62705,4.75152015686035,3.4,,,,3.57,79.3243902439025,,1.06918453998546,1998,CHE
,19.2106707982503,1916.0,11155748241.6928,1.66270128418284,41696.9403674346,44190.0,,21.01051,4.75953006744385,3.5,,,,3.05,79.580487804878,,1.24611507872752,1999,CHE
2.26385998725891,18.516531788552,2083.0,13788986835.6581,3.95871971933516,38864.0438950021,44580.0,,20.04724,4.65878009796143,3.5,2.60352111,33.4,,2.66,79.6804878048781,3654.23754882812,0.960727278904281,2000,CHE
,17.5202183407864,1859.0,12510813189.0271,1.57566196744156,39638.4387853866,42010.0,,21.01328,4.82218980789185,3.5,2.82851839,,,2.49,80.1804878048781,,1.19040978195707,2001,CHE
,19.4819504580923,1827.0,16508672003.6956,-0.0732170840426534,42458.5341569947,40640.0,,22.38294,5.17881011962891,3.4,3.08993149,31.7,,2.92,80.3853658536585,,1.18189014468534,2002,CHE
,18.3415985235915,1831.0,18488014401.1595,-0.0323984765377787,49337.5468934732,46660.0,,22.68793,5.38400983810425,3.4,3.17492461,,,4.12,80.5365853658537,,,2003,CHE
2.60818004608154,18.1701679230064,1742.0,28608745639.8126,2.70170920967028,54659.6403000107,55000.0,,22.70432,5.31429004669189,3.3,3.14565587,,,4.32,81.0878048780488,3468.1748046875,,2004,CHE
,17.8222313074719,1643.0,22785139458.1223,2.74969898498485,56243.947298687,62780.0,,21.91685,5.08472013473511,3.3,3.10609841,,,4.44,81.2365853658537,,,2005,CHE
,16.8917221176105,1740.0,30795073813.0496,4.07362844994275,59008.993014024,65290.0,,20.99529,4.84120988845825,3.3,2.9180789,33.9,15.0,3.99,81.490243902439,,,2006,CHE
,16.3543043101587,1692.0,47965240596.7904,3.9163758177818,64991.005147337,64120.0,,20.36261,4.58395004272461,3.2,2.87561703,34.3,15.7,3.64,81.7414634146342,,,2007,CHE
2.65296006202698,15.8397851197895,1594.0,53781095753.8155,2.80798363168692,74175.8776377701,64870.0,,18.63799,4.75725984573364,3.2,2.99652123,33.8,15.6,3.35,81.9926829268293,3298.21459960938,,2008,CHE
,16.918582516051,1684.0,34600145484.6623,-2.29737463071545,71565.569975492,71800.0,,21.82949,4.92561006546021,3.2,3.23709249,32.9,15.0,4.11,82.0439024390244,,0.659391381754641,2009,CHE
,16.7197445429207,1622.0,57550378833.9219,3.24339733550173,76531.3729407691,79040.0,,21.89051,4.80210018157959,3.2,3.21735024,32.6,15.0,4.81,82.2463414634147,,0.664754602323023,2010,CHE
,16.6376791837765,1597.0,52571775339.7384,1.81310819203695,90476.7589651577,81330.0,,23.32384,4.85663986206055,3.1,3.30035782,31.7,15.9,4.41,82.6951219512195,,0.581470163881045,2011,CHE
2.8745698928833,16.5219261840556,1480.0,62470319393.2428,1.17925383325108,85836.2076767359,86720.0,,26.95624,4.89862012863159,3.1,3.45818734,31.6,14.5,4.49,82.6975609756098,4468.6494140625,0.56279983161029,2012,CHE
,16.7887620098092,1525.0,73750128765.0983,1.79214405707484,87304.3305813557,90590.0,,26.87479,4.91392993927002,3.0,3.43032241,32.5,13.8,4.75,82.7975609756098,,0.704715797391488,2013,CHE
,16.7192645031926,1480.0,76003969221.5123,2.34988127508626,88724.9909402638,88250.0,,26.41578,4.93057012557983,3.0,3.40755963,32.5,15.6,4.83,83.1975609756098,,0.500745561287532,2014,CHE
3.07832002639771,17.0674446630017,1477.0,73017271797.7775,1.64462768699285,83806.4476003837,86810.0,,24.56797,4.99559020996094,3.0,3.50238061,32.3,14.7,4.8,82.8975609756098,5271.927734375,0.688261827356886,2015,CHE
,17.2408228496826,1462.0,69267821492.2348,2.0686896670996,82153.0745447889,83360.0,,24.78876,4.98163986206055,2.9,3.50250435,33.0,15.5,4.92,83.6024390243903,,0.537448324343614,2016,CHE
3.07462000846863,17.2162171396998,1337.0,63090678131.0562,1.36279955711416,82254.3769269767,80770.0,,,5.01765012741089,2.9,3.62295151,32.7,14.6,4.8,83.5512195121951,5235.81201171875,0.532438080113473,2017,CHE
,16.7182236540887,1283.0,76386265008.9052,2.86044579461633,85216.6429514169,82470.0,,,4.93008995056152,2.8,3.55460477,33.1,16.0,4.71,83.7536585365854,,0.587238094745934,2018,CHE
3.19221997261047,16.8530605013535,1369.0,70717077809.3633,1.14198232505277,84121.9310304414,83160.0,,,5.01438999176025,2.8,3.62418461,,15.5,4.39,83.9048780487805,5551.9697265625,0.536406335262006,2019,CHE
,20.0964437557735,1384.0,47712648032.5933,-2.37556327967653,85656.322666307,82490.0,,,5.29163980484009,2.7,4.20692682,,14.7,4.82,83.0,,0.544068822159298,2020,CHE
,19.316888742853,1288.0,95210361339.2121,4.22171657654073,91991.6004583563,88910.0,,,5.04434299468994,2.7,,,,5.1,83.8512195121951,,0.483235941156359,2021,CHE
,,,99168073981.5622,2.05923242019972,92101.4697414382,89450.0,,,,,,,,4.202,,,,2022,CHE
,29.1007726197223,1816.0,-7929114412.22683,5.09432420396358,9703.1238381095,9410.0,,,3.32829999923706,5.4,,,,,76.7470731707317,,,1988,ESP
,29.4007490529956,2087.0,-17334475052.7056,4.82703027068838,10681.9712029257,10700.0,,,3.55177998542786,5.1,,,,,76.8136585365854,,,1989,ESP
,29.3325819346129,2218.0,-22326937642.8338,3.78139355508462,13804.8767869937,12210.0,,,3.63358998298645,4.9,,32.0,,,76.8375609756098,,1.24443140571126,1990,ESP
,30.1552973657134,2156.0,-22839052041.6333,2.54600058472822,14811.9028194881,13700.0,96.4949722290039,,3.74235010147095,4.7,,,,15.93,76.9712195121951,,1.12700771613077,1991,ESP
,31.7109924167574,2076.0,-22730290915.0008,0.929215316053813,16112.1889152156,15610.0,,,3.83716011047363,4.4,,,,17.7,77.41,,1.12434907283055,1992,ESP
,34.6308546770865,2165.0,-8044782324.48686,-1.03149172891911,13339.908563675,15010.0,,,4.2448902130127,4.1,,35.7,,22.16,77.5465853658537,,1.20190154332997,1993,ESP
,33.7651093632739,2136.0,-5423452987.20656,2.38319532639552,13415.2870010456,14470.0,,,4.48468017578125,3.8,,35.1,,24.21,77.9014634146342,,1.08268467944394,1994,ESP
,,2047.0,-6890846010.14145,2.75749404598304,15471.962716535,14830.0,,,4.43462991714478,3.6,,35.7,,22.68,77.9807317073171,,1.03228533934045,1995,ESP
0.78753000497818,,2274.0,-1159858137.39656,2.66056160429645,16109.0843985284,15560.0,,,4.45745992660522,3.5,,36.5,,22.14,78.1204878048781,1293.76965332031,0.992587533813138,1996,ESP
0.777809977531433,,2237.0,1022727272.72727,3.70249462716615,14730.7971752046,15820.0,,,,3.2,,35.3,,20.7,78.6041463414634,1345.88745117188,1.15231316477099,1997,ESP
0.848039984703064,,2271.0,-2833277647.84497,4.39310073452258,15394.3514628249,15440.0,,16.97009,4.28785991668701,3.0,,34.6,,18.67,78.6658536585366,1499.17065429688,1.29328425113137,1998,ESP
0.838540017604828,,2439.0,-12275613126.641,4.4905533784064,15720.6405016061,15480.0,,17.73268,4.2604398727417,2.9,,33.8,,15.48,78.7170731707317,1521.90844726562,1.19874998495396,1999,ESP
0.882759988307953,,2710.0,-17685333088.6275,5.24594382377803,14749.6874248766,15790.0,,17.22694,4.16604995727539,2.8,4.91888905,34.1,,13.79,78.9658536585366,1878.01989746094,1.35733329317787,2000,ESP
0.888329982757568,,2528.0,-14276334669.2914,3.93300276489272,15369.0011599444,15540.0,,17.52693,4.1112699508667,2.8,4.87444878,,,10.35,79.3682926829268,1938.0859375,1.40846963074015,2001,ESP
0.959710001945496,,2763.0,-14112687852.9412,2.73094832930995,17106.686576658,15630.0,,17.76286,4.13457012176514,2.7,4.89794874,,,11.15,79.5682926829268,1987.56262207031,1.35976828969719,2002,ESP
1.02373003959656,,2813.0,-20018145460.0,2.98193631644672,21510.8362454011,18080.0,,18.16935,4.1734299659729,2.6,5.37777996,31.8,20.1,11.28,79.619512195122,2172.0751953125,1.38999820046144,2003,ESP
1.04088997840881,,2871.0,-39557337570.2704,3.12273351662624,24907.0008505856,22130.0,97.1651229858398,18.5236,4.15785980224609,2.5,5.46425915,33.3,20.1,11.09,79.8707317073171,2331.98486328125,1.21043771615915,2004,ESP
1.09956002235413,,3040.0,-55421733453.6965,3.65208419190144,26429.1509449319,25910.0,97.7506866455078,18.70023,4.14432001113892,2.4,5.5326066,32.4,20.3,9.15,80.1707317073171,2492.55981445312,1.18575155153759,2005,ESP
1.17701995372772,,3111.0,-71773795549.4117,4.10268574072705,28389.0785799873,27850.0,97.7521362304688,19.01719,4.1848201751709,2.3,5.64472961,33.5,19.7,8.45,80.8219512195122,2588.91381835938,1.07152108338165,2006,ESP
1.24053001403809,,3267.0,-85169728225.0983,3.60473846199818,32591.3503065871,29770.0,97.9388427734375,19.04052,4.25404977798462,2.2,5.72543097,34.1,19.8,8.23,80.8731707317073,2699.24267578125,1.06529267192243,2007,ESP
1.32500004768372,,3632.0,-77276433839.0625,0.887067045576416,35510.7222312701,32250.0,97.6306076049805,20.00129,4.52805995941162,2.2,6.1428566,34.2,20.4,11.25,81.1756097560976,2843.27514648438,0.885426698873863,2008,ESP
1.36363995075226,,3596.0,-12997977389.4531,-3.7631070424473,32169.5028548583,32560.0,97.6792678833008,21.27594,4.91200017929077,2.1,6.83731222,34.9,20.7,17.86,81.4756097560976,2872.33056640625,0.888548192481623,2009,ESP
1.35995995998383,,3566.0,-14574929033.3337,0.162919517758226,30532.4805081663,31970.0,97.7489013671875,21.0723,4.85608005523682,2.1,6.7885623,35.2,20.6,19.86,81.6268292682927,2869.16870117188,0.861018098074363,2010,ESP
1.33341002464294,,3430.0,4097916264.59148,-0.814384776648922,31677.9003083654,31020.0,97.7837524414062,20.95462,4.8969202041626,2.1,6.73698664,35.7,20.8,21.39,82.4756097560976,2765.99780273438,0.823895406371162,2011,ESP
1.29876005649567,38.4999961206629,3266.0,27358289978.9063,-2.95892213230024,28322.9465923276,29540.0,97.8945388793945,18.2858,4.46931982040405,2.1,6.60091925,35.4,20.4,24.79,82.4268292682927,2693.77954101562,0.778508352972222,2012,ESP
1.27481997013092,35.758717008417,3026.0,53241595956.079,-1.40334186790638,29077.1820557566,29230.0,98.0791320800781,17.62613,4.34961986541748,2.0,6.43811703,36.2,22.2,26.09,83.0780487804878,2625.68139648438,0.648020568602,2013,ESP
1.24159002304077,34.789484489758,2953.0,42494754587.8423,1.39577536727975,29513.65118004,29160.0,98.0937194824219,17.33387,4.30150985717773,2.0,6.38631392,36.1,22.1,24.44,83.2292682926829,2613.09985351562,0.695153602151455,2014,ESP
1.22178995609283,33.1950334479803,2799.0,36345423271.0937,3.83851887667484,25754.36102944,28460.0,98.1432571411133,17.27588,4.28457021713257,1.9,6.50859737,36.2,22.3,22.06,82.8317073170732,2623.35424804688,0.650422725235898,2015,ESP
1.18985998630524,32.6811256079396,2745.0,49157567241.2466,3.03777414172446,26537.1594894549,27570.0,98.2505111694336,17.11832,4.22544002532959,1.9,6.40544844,35.8,21.6,19.64,83.3292682926829,2715.46533203125,0.632621107403249,2016,ESP
1.20976996421814,31.8392728724155,2167.0,47330252250.5887,2.97576072924863,28185.3213671972,27120.0,,,4.20552015304565,1.9,6.31032991,34.7,21.5,17.22,83.2829268292683,2855.74560546875,0.659022159877724,2017,ESP
1.24151003360748,32.2576813397582,1525.0,38601860061.9601,2.28446941947622,30379.7211126417,29330.0,98.4365005493164,,4.1794900894165,1.9,6.32118988,34.7,20.7,15.25,83.4317073170732,3000.88940429688,0.617626377202637,2018,ESP
1.25024998188019,32.3262784089769,1288.0,40991798125.4894,1.9839662230883,29581.5185513293,30360.0,,,4.23021984100342,1.8,6.45363188,34.3,21.0,14.1,83.8317073170732,3080.52709960938,0.7022923075526,2019,ESP
1.41039001941681,41.0920858791992,1431.0,18601805830.3499,-11.3254383222864,26959.6754367322,27130.0,98.5944595336914,,4.89986991882324,1.8,7.84911251,34.9,21.7,15.53,82.3317073170732,3109.24365234375,0.629172397396181,2020,ESP