economy,series,YR1988,YR1989,YR1990,YR1991,YR1992,YR1993,YR1994,YR1995,YR1996,YR1997,YR1998,YR1999,YR2000,YR2001,YR2002,YR2003,YR2004,YR2005,YR2006,YR2007,YR2008,YR2009,YR2010,YR2011,YR2012,YR2013,YR2014,YR2015,YR2016,YR2017,YR2018,YR2019,YR2020,YR2021,YR2022
ARG,BM.GSR.ROYL.CD,288000000.0,403000000.0,409000000.0,420000000.0,284000000.0,319800000.0,376700000.0,392000000.0,482004066.218091,544377042.635738,590352559.088508,582160100.056829,580337544.850569,564137635.39202,351280000.0,402950000.0,520630000.0,650640000.0,894824121.747904,1174682409.95912,1531726727.27288,1526895360.76094,1712212409.7066,2079139111.3222,2216992899.83386,2329270062.45138,2098996165.63338,2178066123.6149,2108388364.21439,2350351644.7677,2054243292.96211,1688980858.85513,1147034410.99084,1357774877.30303,1761243242.26322
ARG,BX.GSR.ROYL.CD,6000000.0,7000000.0,4000000.0,4000000.0,5700000.0,6960000.0,8700000.0,12400000.0,15554642.4928916,17579252.9146114,26332381.7137999,25406457.6116032,36756558.0114996,46775129.5457136,33450000.0,51500000.0,61210000.0,51080000.0,80512422.8122706,96694187.4534156,99367650.4020731,105965489.617584,152187821.078051,155396388.283537,158152120.0527,179902421.57,174205013.476897,161745946.96071,168807424.709248,356498295.973946,321051040.765632,284486041.246327,209352775.990127,204996325.59504,204704856.723768
ARG,GB.XPD.RSDV.GD.ZS,,,,,,,,,0.417490005493164,0.419589996337891,0.411309987306595,0.453370004892349,0.438840001821518,0.424609988927841,0.388859987258911,0.410129994153976,0.403759986162186,0.420740008354187,0.452160000801086,0.460070013999939,0.470550000667572,0.583980023860931,0.561039984226227,0.565970003604889,0.634909987449646,0.618489980697632,0.593959987163544,0.622619986534119,0.558149993419647,0.556309998035431,0.494349986314774,0.478130012750626,0.525219976902008,,
ARG,IP.JRN.ARTC.SC,,,,,,,,,3385.12,3768.19,3724.97,4017.86,4231.85,4356.17,4681.53,4478.15,4602.28,4861.52,5552.9,5659.69,6217.93,6802.37,7135.9,7624.35,7753.63,7895.61,8218.57,8305.92,8485.48,8624.13,9090.82,8984.76,9729.75,,
ARG,IP.PAT.NRES,,,1955.0,1851.0,1919.0,2261.0,2820.0,3588.0,4012.0,5035.0,5459.0,5558.0,5574.0,5088.0,4143.0,3765.0,3816.0,4215.0,4597.0,4806.0,4781.0,4336.0,4165.0,4133.0,4078.0,4129.0,4173.0,3579.0,2925.0,3050.0,3242.0,3260.0,2562.0,3263.0,
ARG,IP.PAT.RESD,,,955.0,943.0,503.0,787.0,694.0,676.0,1097.0,824.0,861.0,899.0,1062.0,691.0,718.0,792.0,786.0,1054.0,1020.0,937.0,801.0,640.0,552.0,688.0,735.0,643.0,509.0,546.0,884.0,393.0,425.0,442.0,930.0,406.0,
ARG,SP.POP.SCIE.RD.P6,,,,,,,,,,695.619445800781,704.840881347656,713.078796386719,716.556457519531,688.277709960938,692.191833496094,718.522766113281,765.640197753906,819.377685546875,891.832763671875,974.718078613281,1035.99890136719,1035.62536621094,1123.83312988281,1180.67297363281,1203.37121582031,1198.26440429688,1206.94189453125,1230.53942871094,1259.64013671875,1210.45654296875,1224.17919921875,1226.06970214844,1236.8935546875,,
ARG,SP.POP.TECH.RD.P6,,,,,,,,,,159.91058,170.72683,156.49672,158.28249,166.62351,161.13902,168.76765,180.99878,200.24204,207.45801,194.83778,205.4882,227.03476,247.45846,272.47976,307.17135,320.69368,318.78033,326.07927,328.60276,349.52207,398.051,,,,
ARG,TX.VAL.TECH.CD,,,,,,,,,,,,,,,,,,,,1202087337.0,2014770885.0,1607438723.0,1686223647.0,1926288755.0,1654528414.0,1791005926.0,1509995248.0,1475175631.0,1333425811.0,1487360178.0,647172447.0,561915855.0,546445789.0,466425814.0,
ARG,TX.VAL.TECH.MF.ZS,,,,,,,,,,,,,,,,,,,,6.9617132411012,9.32791355217619,9.02967995248663,7.68410566375014,7.32119032482309,6.63636508254823,7.45807793886144,7.06113037765277,9.22569178201485,8.98239130251102,9.2054192542743,5.40298410981277,5.21279058881723,6.90388925607922,4.42289139264312,
AUS,BM.GSR.ROYL.CD,,808156157.10927,825954292.249382,806995923.309744,843695450.800255,798613711.680487,969759324.050812,1001161631.08382,1146884407.75145,1196946820.89075,1114256382.08339,1267126378.18412,1160197303.08146,1001186253.55015,1184791215.67903,1502670171.6454,1743966465.64385,1972287332.09256,2151687683.12054,2809284034.80361,3012858777.31232,2832316674.62371,3423557728.63804,4110573493.48566,4165820497.25686,3913990516.53594,3973566695.16273,3526073728.88977,3331031239.48075,3471857721.49032,3674795660.35383,3455233880.38519,3585412721.26358,3980422320.9286,4049873949.44015
AUS,BX.GSR.ROYL.CD,,170237056.690935,162330634.564819,154230038.157313,148081020.271711,186941007.398405,239301517.388523,261031140.985049,294468435.604387,358625655.750041,309259521.386905,381549793.139935,394187702.949771,336750552.216522,345584849.625227,450714506.611917,537973548.658145,573756156.572708,641546473.141993,713645961.039889,746149101.650395,789823546.487552,978059795.188932,948333508.18577,859824156.705119,813652776.299392,851550055.536043,783100619.94872,820885409.158888,922957692.480288,969116937.618486,895325638.815317,879093129.018848,1249186727.55997,1244181531.08147
AUS,GB.XPD.RSDV.GD.ZS,,,,,,,,,1.66231000423431,,1.5135600566864,,1.5731999874115,,1.74749004840851,,1.84902000427246,,2.18010997772217,,2.39995002746582,,2.37074995040894,2.23483991622925,,2.17843008041382,,1.92070996761322,,1.87977004051208,,1.82892000675201,,,
AUS,IP.JRN.ARTC.SC,,,,,,,,,20800.25,21727.72,21981.46,22207.0,23495.94,23969.95,24502.31,25655.32,27836.59,31638.87,33906.33,35919.95,37411.04,38773.68,41661.36,45001.84,46312.47,50402.05,52195.34,53365.9,54348.39,54340.32,55556.27,57258.26,60890.77,,
AUS,IP.PAT.NRES,12431.0,12901.0,13278.0,11762.0,12100.0,11284.0,11647.0,12277.0,13221.0,15398.0,16063.0,17960.0,20073.0,20548.0,20181.0,19176.0,20274.0,21302.0,23166.0,24122.0,23525.0,21187.0,22478.0,23143.0,23731.0,26656.0,23968.0,26314.0,25774.0,26403.0,27200.0,27121.0,26926.0,29443.0,
AUS,IP.PAT.RESD,1418.0,1649.0,1712.0,1717.0,1695.0,1663.0,1699.0,1784.0,1797.0,1760.0,1862.0,1858.0,1928.0,2187.0,2364.0,2418.0,2559.0,2555.0,2837.0,2718.0,2821.0,2494.0,2409.0,2383.0,2627.0,3061.0,1988.0,2291.0,2620.0,2503.0,2757.0,2637.0,2368.0,2966.0,
AUS,SP.POP.SCIE.RD.P6,,,,,,,,,3355.86499023438,,3382.171875,,3475.3251953125,,3771.5380859375,,4084.15161132812,,4248.25634765625,,4343.12646484375,,4532.4013671875,,,,,,,,,,,,
AUS,SP.POP.TECH.RD.P6,,,,,,,,,814.21598,,795.87794,,819.47485,,961.32396,,885.3275,,1017.79166,,1136.46069,,,,,,,,,,,,,,
AUS,TX.VAL.TECH.CD,,,,,,,,,,,,,,,,,,,,3856932141.0,4467054952.0,3840218927.0,4554403968.0,5598902061.0,5466439333.0,5341235868.0,5455317567.0,5089628319.0,5375124772.0,4900487730.0,5231519687.0,6347419761.0,5597904737.0,6309320488.0,
AUS,TX.VAL.TECH.MF.ZS,,,,,,,,,,,,,,,,,,,,14.5306590560344,15.3440414424168,16.6642779916193,16.506959953697,17.9435493790703,17.2803118305857,18.0024569081412,18.9827747031452,19.6853148062394,20.6098142642049,18.0893930210522,18.1015833176943,21.2565688212545,21.5032648806709,22.3902304215337,
BOL,BM.GSR.ROYL.CD,3600000.0,3200000.0,3200000.0,3700000.0,3700000.0,3900000.0,4100000.0,4400000.0,4000000.0,5200000.0,5200000.0,4800000.0,5000000.0,5280000.0,5740000.0,7990000.0,9681000.0,11200000.0,14421000.0,16187000.0,17805000.0,18650000.0,19805000.0,20800500.0,42441212.0697189,50427298.1952335,68285439.4142988,83568649.6993847,99382292.8753314,93745643.0782737,81071369.8867118,76817706.7083166,37680170.5562172,28856775.0709294,25194145.0399611
BOL,BX.GSR.ROYL.CD,,,,,,,,,,,,1600000.0,1600000.0,1640000.0,1800000.0,1690000.0,1840000.0,1920000.0,1780000.0,2005000.0,2250000.0,2500000.0,2804000.0,7178601.88,15205383.6251944,17905865.0639759,18938481.8788307,22344051.6079534,24183112.9121731,24482350.0385278,10110622.5761646,6959047.87117802,5027557.36198646,2226026.9903085,1672884.9609416
BOL,GB.XPD.RSDV.GD.ZS,,,,,,,,,0.325439989566803,0.315770000219345,0.294950008392334,0.298359990119934,0.287440001964569,0.293579995632172,0.276630014181137,,,,,,,0.157000005245209,,,,,,,,,,,,,
BOL,IP.JRN.ARTC.SC,,,,,,,,,28.73,39.32,39.05,53.82,37.82,42.27,46.61,50.47,44.6,63.43,68.72,85.95,92.85,85.25,78.76,81.52,84.43,89.8,87.51,87.18,91.58,90.47,103.47,109.83,152.33,,
BOL,IP.PAT.NRES,,,,,,62.0,89.0,106.0,,,,,,,,,,,,,,,,,,,294.0,,241.0,277.0,,,151.0,227.0,
BOL,IP.PAT.RESD,,,,,,26.0,28.0,17.0,,,,,,,,,,,,,,,,,,,9.0,,12.0,59.0,,,8.0,5.0,
BOL,SP.POP.SCIE.RD.P6,,,,,,,,,,,72.8686370849609,72.6650390625,71.2735977172852,122.374267578125,118.95484161377,,,,,,,143.857513427734,163.80158996582,,,,,,,,,,,,
BOL,SP.POP.TECH.RD.P6,,,,,,,,,,,,,,,,,,,,,,35.10447,25.62549,,,,,,,,,,,,
BOL,TX.VAL.TECH.CD,,,,,,,,,,,,,,,,,,,,15432769.0,17442189.0,14823026.0,37069953.0,48204674.0,52913603.0,44104414.0,33146951.0,24935819.0,15511282.0,19397571.0,19560045.0,14175220.0,13485139.0,22371253.0,
BOL,TX.VAL.TECH.MF.ZS,,,,,,,,,,,,,,,,,,,,4.63205147686391,4.35786303515815,4.86663956832303,8.39643426654084,13.2668526999964,9.22349652906557,9.36490977549173,8.0579025832244,6.40259447870096,4.45996628515408,5.87150676063352,5.04855572806383,3.45205028026195,4.32521785105525,4.54888314317125,
BRA,BM.GSR.ROYL.CD,48000000.0,70000000.0,54000000.0,53000000.0,55000000.0,121000000.0,239000000.0,529000000.0,797000000.0,949591000.0,1478574000.0,1282515000.0,1414582000.0,1244319000.0,1228789000.0,1227928000.0,905010000.0,1404494000.0,1663677000.0,2259433000.0,2697171000.0,2512044100.0,3346848904.31,3865929486.76,4377895661.91,4761555280.06,6147326281.71,5517267028.88,5315108647.86,5402128503.78,5124101633.46,5246219107.55,4062060898.29,5222174070.59,7163171035.21
BRA,BX.GSR.ROYL.CD,6000000.0,12000000.0,12000000.0,13000000.0,12000000.0,34000000.0,19000000.0,32000000.0,78000000.0,101999000.0,149640000.0,132772000.0,125190000.0,112092000.0,100258000.0,108116000.0,112695000.0,101660000.0,150307000.0,319410000.0,465444000.0,433807800.0,189605958.45,300800012.92,276418446.25,368127587.4,375097938.44,581080520.4,650833689.72,642157301.16,825475487.44,641114074.37,634291803.22,705261777.53,745138504.69
BRA,GB.XPD.RSDV.GD.ZS,,,,,,,,,,,,,1.04751002788544,1.06198000907898,1.0096800327301,0.999390006065369,0.963429987430573,1.00246000289917,0.988070011138916,1.08138000965118,1.12904000282288,1.11865997314453,1.15991997718811,1.13966000080109,1.12683999538422,1.19567000865936,1.26970994472504,1.37092995643616,1.28637003898621,1.11749994754791,1.16769003868103,1.21096003055573,1.16703999042511,,
BRA,IP.JRN.ARTC.SC,,,,,,,,,7645.85,9303.48,10498.24,11423.81,12800.36,13914.7,16156.58,17622.42,19845.26,22310.98,28458.07,31032.13,35400.27,38335.13,41501.01,43983.61,47867.35,50027.41,51802.81,52882.71,55010.17,58114.05,61796.95,64376.69,70291.66,,
BRA,IP.PAT.NRES,4546.0,4657.0,5148.0,4625.0,4374.0,4221.0,4228.0,4741.0,5446.0,13479.0,13546.0,14693.0,14104.0,14410.0,13204.0,12545.0,12669.0,14444.0,15886.0,17469.0,18890.0,18135.0,20771.0,23954.0,25637.0,25925.0,25683.0,25578.0,22810.0,20178.0,19877.0,19932.0,19058.0,19566.0,
BRA,IP.PAT.RESD,2338.0,2323.0,2389.0,2319.0,2100.0,2429.0,2269.0,2707.0,2611.0,2756.0,2491.0,2816.0,3179.0,3439.0,3481.0,3866.0,4044.0,4054.0,3956.0,4194.0,4280.0,4271.0,4228.0,4695.0,4798.0,4959.0,4659.0,4641.0,5200.0,5480.0,4980.0,5464.0,5280.0,4666.0,
BRA,SP.POP.SCIE.RD.P6,,,,,,,,,,,,,295.234558105469,337.399017333984,398.411987304688,423.245239257812,483.0302734375,509.015075683594,543.236083984375,555.12939453125,590.7138671875,625.520568847656,686.124938964844,737.717834472656,788.489807128906,838.472106933594,887.678466796875,,,,,,,,
BRA,SP.POP.TECH.RD.P6,,,,,,,,,,,,,335.9403,324.4342,313.34843,371.29267,450.26914,497.05356,526.26259,566.52684,606.16456,681.02727,754.57696,809.69231,863.93363,917.32864,969.90222,,,,,,,,
BRA,TX.VAL.TECH.CD,,,,,,,,,,,,,,,,,,,,9536332523.0,10794672124.0,8460823303.0,8821366143.0,9144341214.0,9470908285.0,9066226856.0,8794610139.0,9433008382.0,10375405524.0,10715074507.0,11062943508.0,9391878589.0,5944927304.0,6350114829.0,
BRA,TX.VAL.TECH.MF.ZS,,,,,,,,,,,,,,,,,,,,12.6091997508653,12.7577247617512,14.7582206485491,12.5894529026096,11.1404999922466,11.8872133264759,11.9697168242237,12.3710552617293,14.485714883982,15.999958400192,14.3117190041583,14.7439120323979,14.0664586517771,11.3500476471567,9.00153466515671,
CAN,BM.GSR.ROYL.CD,1303288288.41248,1446481739.64794,1663737468.54888,1788570110.75845,1712795352.63549,1685650280.80922,1763749602.37337,1882422401.27653,1950307886.66199,2287741105.57819,2592204790.23776,3212822610.21679,3563235578.78983,3543578555.33442,4479912200.99993,5454962204.47995,6456200016.4427,6959129029.20451,7083070776.64,8162785541.73677,8923454841.05939,8922065282.94892,9731280814.35961,10411408151.0838,10901911780.597,11801326421.0447,11712157364.1799,10732654496.0011,11567469044.0284,11833542181.4764,12724585775.6879,13588255248.9897,13881367077.612,16562479595.7444,16084368732.6842
CAN,BX.GSR.ROYL.CD,105070212.919926,122561166.720526,234647916.050484,344305753.429976,445988895.453393,519221992.17516,607169306.482398,734308254.840363,877095726.661565,1163006889.42283,1532420477.71569,1648658125.62898,2323901618.03455,2532923681.99301,2575964575.85232,3005417256.13447,3183299993.32432,2873468638.59557,3359028697.79946,3835550664.31666,4129666783.75991,3604954463.00577,2813939869.12986,3348091955.20745,3931432400.06198,4569255358.03211,4763593321.23952,4087280234.12164,4514595456.95755,4887062281.53504,6317995390.69011,6932744929.81551,7128657403.80895,8484265494.06828,7736160393.5379
CAN,GB.XPD.RSDV.GD.ZS,,,,,,,,,1.61208999156952,1.61386001110077,1.71051001548767,1.74985003471375,1.85847997665405,2.02116990089417,1.97170996665955,1.96781003475189,1.99733996391296,1.97126996517181,1.94304001331329,1.90357995033264,1.85578000545502,1.9174200296402,1.82527995109558,1.78714001178741,1.77232003211975,1.70539999008179,1.71416997909546,1.69324004650116,1.72872996330261,1.68579995632172,1.6757800579071,1.59123003482819,1.69638001918793,,
CAN,IP.JRN.ARTC.SC,,,,,,,,,34829.82,34295.03,33117.69,32493.5,34252.57,33653.44,36459.85,38304.38,42219.28,47311.56,50105.47,51515.11,53341.54,55418.16,56445.35,57416.69,59356.98,59601.41,60186.35,60544.98,60405.13,60547.79,62057.65,62742.71,65821.57,,
CAN,IP.PAT.NRES,28869.0,32060.0,24375.0,21097.0,22950.0,23307.0,24683.0,24161.0,24987.0,25238.0,30163.0,33189.0,35435.0,35753.0,35782.0,33299.0,32970.0,34705.0,36516.0,35133.0,37028.0,32410.0,30899.0,30357.0,30533.0,30174.0,31283.0,32687.0,30667.0,30969.0,31812.0,32250.0,30113.0,32445.0,
CAN,IP.PAT.RESD,2772.0,3031.0,2549.0,2182.0,2807.0,3623.0,2480.0,2431.0,2583.0,3344.0,3809.0,4061.0,4187.0,3963.0,3959.0,3929.0,5231.0,5183.0,5522.0,4998.0,5061.0,5067.0,4550.0,4754.0,4709.0,4567.0,4198.0,4277.0,4078.0,4053.0,4349.0,4238.0,4452.0,4710.0,
CAN,SP.POP.SCIE.RD.P6,,,,,,,,,3071.85009765625,3132.90307617188,3171.46655273438,3255.439453125,3527.48291015625,3708.21655273438,3719.2578125,3913.54833984375,4098.00341796875,4250.05224609375,4323.080078125,4595.39501953125,4715.39111328125,4451.478515625,4646.30517578125,4780.08154296875,4627.45166015625,4623.11767578125,4541.84814453125,4523.31494140625,4369.6298828125,4422.56298828125,4516.30419921875,,,,
CAN,SP.POP.TECH.RD.P6,,,,,,,,,1127.03531,1107.84671,1104.6539,1118.78502,1240.66709,1312.82073,1367.61949,1463.09482,1621.85129,1642.34836,1761.07271,1982.64275,1960.24685,1789.24417,1520.7527,1555.04655,1369.90891,1378.32254,1352.97622,1455.58808,1247.83745,1268.37307,,,,,
CAN,TX.VAL.TECH.CD,,,,,,,,,,,,,,,,,,,,30526426800.0,30127811741.0,25642281363.0,26566354162.0,27498833323.0,33106176422.0,32177506045.0,28785442620.0,28241567521.0,26201901348.0,26937505963.0,30479680520.0,31536892938.0,25572229417.0,29085816799.0,
CAN,TX.VAL.TECH.MF.ZS,,,,,,,,,,,,,,,,,,,,14.7662901686121,15.1806044782674,17.8697671747598,15.499592108572,14.7112977474608,15.6152845157552,15.4918423383053,14.6652465341592,14.8280476590736,14.0988772228519,14.3483562041087,15.421878947262,16.10018141023,15.3336272023526,14.9678587458039,
CHE,BM.GSR.ROYL.CD,,,,,,,,,,,,,1737843933.43281,1854315394.86692,2699676685.42332,2993367269.28692,5203502754.8611,7439742364.05003,7014602811.36244,9243987986.116,9827709892.80524,13811220519.439,15842319321.1099,21025131327.9004,20900338400.4579,21749231750.3646,25190091712.2538,23785075242.4047,22156831581.944,24256654478.5259,27065717637.3412,26879306042.1353,32266925212.0045,33555217496.2427,29992998965.6093
CHE,BX.GSR.ROYL.CD,,,,,,,,,,,,,2677726691.57928,3063876049.65229,4124359902.94981,4290464081.59499,6377607156.94744,8406977350.23244,7805943678.85423,9120680527.02721,11060842598.9433,14681090860.0305,16229511139.9156,19151922197.9673,22755548611.2832,21359833563.6388,23209266611.7248,22677777819.1028,25905081516.9809,25387358112.5518,31165212343.6894,29973739916.4679,23522634914.4937,30722362027.6251,30038353838.8538
CHE,GB.XPD.RSDV.GD.ZS,,,,,,,,,2.37649011611938,,,,2.26385998725891,,,,2.60818004608154,,,,2.65296006202698,,,,2.8745698928833,,,3.07832002639771,,3.07462000846863,,3.19221997261047,,,
CHE,IP.JRN.ARTC.SC,,,,,,,,,11499.01,11877.96,11985.86,11964.4,12621.43,12297.66,12478.85,13163.19,14175.81,15462.68,16469.77,16882.92,17350.51,17905.64,18709.05,19755.56,20769.07,21302.67,21788.24,21848.15,21982.57,22442.37,22189.21,22336.94,23075.04,,
CHE,IP.PAT.NRES,1556.0,1371.0,1081.0,893.0,903.0,874.0,892.0,830.0,718.0,620.0,564.0,535.0,468.0,594.0,466.0,396.0,434.0,455.0,362.0,342.0,439.0,394.0,533.0,446.0,1508.0,631.0,568.0,446.0,309.0,291.0,332.0,348.0,301.0,267.0,
CHE,IP.PAT.RESD,3236.0,3247.0,2987.0,2949.0,3068.0,2999.0,3033.0,2890.0,2504.0,2408.0,2025.0,1916.0,2083.0,1859.0,1827.0,1831.0,1742.0,1643.0,1740.0,1692.0,1594.0,1684.0,1622.0,1597.0,1480.0,1525.0,1480.0,1477.0,1462.0,1337.0,1283.0,1369.0,1384.0,1288.0,
CHE,SP.POP.SCIE.RD.P6,,,,,,,,,3140.79223632812,,,,3654.23754882812,,,,3468.1748046875,,,,3298.21459960938,,,,4468.6494140625,,,5271.927734375,,5235.81201171875,,5551.9697265625,,,
CHE,SP.POP.TECH.RD.P6,,,,,,,,,2761.42496,,,,2320.90631,,,,2338.96985,,,,2854.92025,,,,2682.81316,,,2935.19578,,2619.74154,,,,,
CHE,TX.VAL.TECH.CD,,,,,,,,,,,,,,,,,,,,36172959509.0,43492661191.0,40395074321.0,43607937596.0,51148249215.0,51279423966.0,54346224629.0,57101557330.0,53795507159.0,55536700708.0,29833875250.0,30114429626.0,29872166791.0,29244241618.0,38194199754.0,
CHE,TX.VAL.TECH.MF.ZS,,,,,,,,,,,,,,,,,,,,23.6341836598569,24.7025096547349,26.3801999474245,25.8077943754388,25.2726061664072,26.0575843882691,26.7499612839226,26.6576145567795,27.0506497570839,27.3348969518885,14.0234293272484,13.3174671835352,12.9085440929224,12.8440544330799,14.2377796007648,
CHL,BM.GSR.ROYL.CD,36200000.0,39900000.0,37100000.0,33900000.0,39200000.0,43600000.0,46800000.0,50000000.0,116800000.0,140000000.0,222800000.0,324200000.0,297470000.0,268598923.97862,250600000.0,257124131.150784,307300000.0,347500000.0,383708785.134996,447500000.0,538619514.456729,596536869.459658,726289314.412919,773559649.575888,1072980131.54689,1418818378.06583,1614627538.53355,1635419969.01614,1730596606.64541,1709057253.35148,2034376887.58784,1878506474.97685,1511563045.50109,1689634051.83244,1324660663.55388
CHL,BX.GSR.ROYL.CD,,,100000.0,500000.0,500000.0,1700000.0,6000000.0,1900000.0,10100000.0,10000000.0,5100000.0,6000000.0,9999999.99999999,24902786.8449786,41100000.0,34916846.0,31087556.57,32233982.59,33282776.11,30838614.89,41572549.83,25423242.8,36137062.39,55297350.49,36188831.95,38257351.95,40769468.9,41950301.36,38437446.35,50489332.23,46185212.23,45131485.05,39645101.86,67186685.73,65404498.43
CHL,GB.XPD.RSDV.GD.ZS,,,,,,,,,,,,,,,,,,,,0.311430007219315,0.374920010566711,0.354030013084412,0.331649988889694,0.352880001068115,0.362129986286163,0.390300005674362,0.376679986715317,0.382959991693497,0.371030002832413,0.356790006160736,0.369159996509552,0.341930001974106,,,
CHL,IP.JRN.ARTC.SC,,,,,,,,,1293.65,1422.85,1366.28,1498.84,1552.28,1646.31,2060.22,2097.28,2238.49,2533.11,3136.05,3285.42,3735.16,3964.76,4121.66,4442.92,4966.91,5004.13,5746.21,6052.08,6636.6,6759.96,7437.65,7875.81,8979.79,,
CHL,IP.PAT.NRES,622.0,682.0,642.0,838.0,949.0,1179.0,1418.0,1535.0,1771.0,2411.0,2568.0,2608.0,2879.0,2504.0,2147.0,2076.0,2485.0,2646.0,2924.0,3403.0,3421.0,1374.0,748.0,2453.0,2683.0,2732.0,2653.0,2831.0,2521.0,2469.0,2694.0,2799.0,2433.0,2680.0,
CHL,IP.PAT.RESD,111.0,135.0,169.0,151.0,178.0,155.0,219.0,171.0,176.0,161.0,207.0,204.0,241.0,246.0,391.0,329.0,382.0,361.0,291.0,403.0,531.0,343.0,328.0,339.0,336.0,340.0,452.0,443.0,386.0,425.0,406.0,438.0,372.0,402.0,
CHL,SP.POP.SCIE.RD.P6,,,,,,,,,,,,,,,,,,,,335.80615234375,356.654479980469,287.75,318.827178955078,352.706817626953,390.682434082031,335.366729736328,427.121887207031,454.959442138672,493.458648681641,492.620941162109,523.462951660156,510.309326171875,,,
CHL,SP.POP.TECH.RD.P6,,,,,,,,,,,,,,,,,,,,244.94853,294.72043,213.66577,229.09842,268.65115,308.30247,272.4879,313.67807,284.7413,296.68053,303.46696,,,,,
CHL,TX.VAL.TECH.CD,,,,,,,,,,,,,,,,,,,,650978244.0,656550691.0,475672104.0,541747269.0,554586780.0,578351153.0,696148309.0,731379019.0,579468220.0,720583779.0,634211636.0,667732448.0,672133557.0,1368056902.0,1264181379.0,
CHL,TX.VAL.TECH.MF.ZS,,,,,,,,,,,,,,,,,,,,7.8218703090794,6.55897883903695,6.60527532521949,6.23892525300264,5.12051860087696,5.43613634434484,6.69190367395774,7.08887292074942,6.71371156201804,8.42102263237134,7.09873836832882,6.9108229455209,7.63271462272043,15.9750163406527,12.4417346556093,
CHN,BM.GSR.ROYL.CD,,,,,,,,,,543000000.0,420000000.0,792000000.0,1280970000.0,1938000000.0,3114004040.6535,3548126751.5953,4496604795.5981,5321253863.3468,6634081020.03558,8192067402.3259,10319466356.1387,11065271082.0,13039546459.0,14706108691.0,17748983437.0,21033078371.0,22613800781.52,22022366054.63,23979580207.69,28746479819.35,35782953953.25,34370466477.86,37870654560.1,46894697500.69,44474106058.33
CHN,BX.GSR.ROYL.CD,,,,,,,,,,55000000.0,63000000.0,75000000.0,80348000.0,110000000.0,132822320.4866,106978898.2646,236359258.2114,157401785.777,204503785.234955,342634074.968637,570536223.222954,429452520.0,830483814.0,743301698.0,1044102041.0,886670295.0,676381923.65,1084600061.07,1161195654.71,4803034260.13,5561288668.09,6604705952.4,8582874881.79,11755764584.29,13304772071.0
CHN,GB.XPD.RSDV.GD.ZS,,,,,,,,,0.563239991664886,0.638729989528656,0.646889984607697,0.749629974365234,0.893159985542297,0.940330028533936,1.05786001682281,1.12037003040314,1.21498000621796,1.30791997909546,1.36854004859924,1.37369000911713,1.44591999053955,1.66480004787445,1.7137199640274,1.78033995628357,1.91214001178741,1.99785995483398,2.02242994308472,2.05700993537903,2.10033011436462,2.11602997779846,2.14057993888855,2.2446300983429,2.40666007995605,,
CHN,IP.JRN.ARTC.SC,,,,,,,,,33621.11,37424.8,43775.33,45192.17,53284.78,70675.54,75171.18,87849.66,120946.86,165403.81,192392.77,213167.91,247545.45,285495.89,308768.95,323135.69,328127.24,356356.43,385178.3,405811.76,436078.81,468045.33,531109.87,610458.55,669744.3,,
CHN,IP.PAT.NRES,4872.0,4910.0,4305.0,4051.0,4387.0,7534.0,7876.0,8688.0,11114.0,12102.0,33645.0,34418.0,26560.0,33412.0,40426.0,48548.0,64598.0,79842.0,88183.0,92101.0,95259.0,85508.0,98111.0,110583.0,117464.0,120200.0,127042.0,133612.0,133522.0,135885.0,148187.0,157093.0,152342.0,159019.0,
CHN,IP.PAT.RESD,4780.0,4749.0,5832.0,7372.0,10022.0,12084.0,11191.0,10011.0,11628.0,12672.0,13751.0,15626.0,25346.0,30038.0,39806.0,56769.0,65786.0,93485.0,122318.0,153060.0,194579.0,229096.0,293066.0,415829.0,535313.0,704936.0,801135.0,968252.0,1204981.0,1245709.0,1393815.0,1243568.0,1344817.0,1426644.0,
CHN,SP.POP.SCIE.RD.P6,,,,,,,,,437.826904296875,466.483245849609,381.687683105469,414.431396484375,538.577819824219,571.710388183594,619.974426269531,655.444152832031,700.070129394531,840.635620117188,914.3369140625,1057.49438476562,1176.45971679688,846.5595703125,884.593383789062,957.565002441406,1014.31188964844,1066.20983886719,1089.19641113281,1150.8193359375,1196.68798828125,1224.7822265625,1307.12133789062,1471.25390625,1584.86511230469,,
CHN,SP.POP.TECH.RD.P6,,,,,,,,,,,,,,,,,,,,,,,,,,,,,,,,,,,
CHN,TX.VAL.TECH.CD,,,,,,,,,,,,,,,,,,,,342573982177.0,390966877665.0,359238436559.0,474347228702.0,540167515628.0,593857571482.0,655897281624.0,653847619827.0,652212458371.0,594520851399.0,654156803837.0,731318634577.0,715302940183.0,757458883661.0,942314815525.0,
CHN,TX.VAL.TECH.MF.ZS,,,,,,,,,,,,,,,,,,,,30.1508023319562,29.3636567240237,31.9377905496789,32.1236545637555,30.4839309337386,30.8486831710094,31.5743629654427,29.6954148919299,30.4219454271799,30.2426414089164,30.9072386248438,31.5450983818224,30.817204339562,31.2755857286816,29.9578149531835,
COL,BM.GSR.ROYL.CD,10000000.0,12000000.0,13000000.0,19000000.0,17400000.0,18600000.0,19568950.0,28944760.0,60648380.0,60221550.0,61699170.0,69127270.0,74072082.03125,77274090.8203125,80104996.09375,77372537.109375,87676363.28125,122467029.296875,140808115.234375,347620984.375,470855703.125,510385125.0,615031453.125,753789593.75,947980078.125,1282431218.75,1401046312.5,1345633687.5,1257276812.5,1275576187.5,1412618281.25,1334981000.0,1122727656.25,1358180421.20769,1597592103.4134
COL,BX.GSR.ROYL.CD,13000000.0,17000000.0,21000000.0,29000000.0,24300000.0,30200000.0,135500.0,229500.0,671560.0,1375780.0,3757310.0,6120540.0,5695900.02441407,3183080.01708984,5101630.61523437,7557583.12988281,8725411.62109375,11285508.0566406,13071194.0917969,32690171.875,54104212.890625,48221626.953125,72661187.5,83017587.890625,138714017.578125,141459716.796875,116382417.96875,101196816.40625,99122533.203125,134001691.40625,143866519.53125,127065630.859375,123030173.828125,133092286.573976,162054820.574101
COL,GB.XPD.RSDV.GD.ZS,,,,,,,,,0.299230009317398,0.273660004138947,,,0.131060004234314,0.13289999961853,0.155589997768402,0.173979997634888,0.169640004634857,0.165570005774498,0.164269998669624,0.183070003986359,0.195409998297691,0.193509995937347,0.193580001592636,0.198420003056526,0.221159994602203,0.257609993219376,0.303169995546341,0.365420013666153,0.270509988069534,0.261090010404587,0.312330007553101,0.322010010480881,0.289330005645752,,
COL,IP.JRN.ARTC.SC,,,,,,,,,362.45,406.22,394.84,463.17,535.48,533.64,680.85,709.28,849.59,983.57,1447.51,1566.45,2363.72,2705.07,3167.93,3523.18,4082.94,4502.77,4993.91,5349.4,6179.73,6608.45,7483.06,8423.92,9296.64,,
COL,IP.PAT.NRES,420.0,516.0,,527.0,575.0,769.0,867.0,1093.0,1172.0,1497.0,1670.0,1615.0,1694.0,432.0,858.0,1127.0,1365.0,1662.0,1861.0,1862.0,1818.0,1551.0,1739.0,1770.0,1848.0,1781.0,1898.0,1921.0,1658.0,1777.0,1808.0,1735.0,1752.0,1855.0,
COL,IP.PAT.RESD,85.0,90.0,,85.0,120.0,138.0,124.0,141.0,87.0,80.0,161.0,68.0,75.0,65.0,54.0,82.0,76.0,99.0,142.0,128.0,126.0,128.0,133.0,183.0,213.0,251.0,260.0,321.0,545.0,595.0,415.0,422.0,369.0,432.0,
COL,SP.POP.SCIE.RD.P6,,,,,,,,,,,,,,,,,,,,,,,,,,57.3604011535645,58.2953910827637,69.5486907958984,89.3616104125977,88.0190963745117,,,,,
COL,SP.POP.TECH.RD.P6,,,,,,,,,,,,,,,,,,,,,,,,,,,,,,,,,,,
COL,TX.VAL.TECH.CD,,,,,,,,,,,,,,,,,,,,360292045.0,475948292.0,492118044.0,451119242.0,433809511.0,565873207.0,773381765.0,762807179.0,823794430.0,766932657.0,692526482.0,603546790.0,753151214.0,689645045.0,735048087.0,
COL,TX.VAL.TECH.MF.ZS,,,,,,,,,,,,,,,,,,,,3.06526381623608,4.01539209090487,5.55422596545158,5.36253459586992,4.67963034404329,5.6774289147471,7.76843662275665,8.11973751224566,9.84934563232937,10.1857850975507,8.96234815291122,7.22137143140895,9.04842024018423,9.91352104009289,8.20893852471326,
CUB,BM.GSR.ROYL.CD,,,,,,,,,,,,,,,,,,,,,,,,,,,,,,,,,,,
CUB,BX.GSR.ROYL.CD,,,,,,,,,,,,,,,,,,,,,,,,,,,,,,,,,,,
CUB,GB.XPD.RSDV.GD.ZS,,,,,,,,,0.347359985113144,0.401719987392426,0.501240015029907,0.458319991827011,0.478650003671646,0.565299987792969,0.564450025558472,0.582430005073547,0.602310001850128,0.549199998378754,0.441390007734299,0.436150014400482,0.500609993934631,0.614849984645844,0.6076700091362,0.271919995546341,0.407160013914108,0.474669992923737,0.415960013866425,0.428539991378784,0.34222999215126,0.430660009384155,0.536909997463226,0.553080022335052,0.518379986286163,,
CUB,IP.JRN.ARTC.SC,,,,,,,,,576.43,698.71,888.57,949.4,956.5,1003.81,953.97,792.51,788.0,961.5,1226.33,1099.8,1159.75,1421.47,1298.38,1514.66,1518.44,1564.12,1466.39,1339.17,1142.94,1127.54,1149.62,1094.27,1287.89,,
CUB,IP.PAT.NRES,,,26.0,24.0,19.0,13.0,31.0,33.0,40.0,31.0,,127.0,,,,,,180.0,163.0,210.0,189.0,172.0,,184.0,140.0,143.0,126.0,,163.0,145.0,126.0,88.0,76.0,86.0,
CUB,IP.PAT.RESD,,,,,1.0,1.0,121.0,104.0,83.0,109.0,,110.0,,,,,,105.0,94.0,74.0,69.0,59.0,,62.0,38.0,27.0,24.0,,32.0,29.0,29.0,27.0,33.0,21.0,
CUB,SP.POP.SCIE.RD.P6,,,,,,,,,,,,,,,,,,,,,,,,,,,,,,,,,,,
CUB,SP.POP.TECH.RD.P6,,,,,,,,,,,,,,,,,,,,,,,,,,,,,,,,,,,
CUB,TX.VAL.TECH.CD,,,,,,,,,,,,,,,,,,,,,,,,,,,,,,,,,,,
CUB,TX.VAL.TECH.MF.ZS,,,,,,,,,,,,,,,,,,,,,,,,,,,,,,,,,,,
DEU,BM.GSR.ROYL.CD,2743678015.22176,3027419866.03765,3797381849.8829,3996032725.26158,4154722543.7932,4042917736.41225,4170740415.2716,5229593330.61565,4687826793.80665,4961800845.90428,4904364198.22468,4394913908.49823,4414303163.77613,4317017245.39599,3545971639.04596,4116085265.44561,4514202955.41125,7208115337.91219,7082602231.37776,7499376290.76761,8632835619.01579,7008622136.38977,7115326141.84702,7405166331.67609,6396891367.77913,8696432169.70548,10729008199.2893,10117945573.825,11295106925.6022,14364977912.1091,16367799982.3352,16959534531.8721,17296745186.2613,21573906539.5383,19844477984.1992
DEU,BX.GSR.ROYL.CD,1265022010.25465,1340511286.38089,1986983701.33164,1837177849.04561,2026275875.16879,1933633973.95557,2111251392.10444,2705200939.58362,2878685212.1817,2736737194.34243,3094772570.80723,2690187258.46157,2535822064.86358,2742329706.68396,3324060970.46209,3579689299.91531,4466712872.69121,5743253423.72675,5161751714.39286,6307875661.91759,7335720009.32004,7212871240.40563,8276542348.34052,10723917538.9948,10295613426.3182,18028602139.2199,23486335058.5512,24082893579.6635,28726730973.8086,31302945582.499,36595706878.3974,37525236325.4595,37435559134.7304,60320888642.28,53303007588.8124
DEU,GB.XPD.RSDV.GD.ZS,,,,,,,,,2.1446099281311,2.18831992149353,2.21613001823425,2.34779000282288,2.40982007980347,2.40437006950378,2.4362199306488,2.47461009025574,2.43518996238708,2.44193005561829,2.47232007980347,2.4604799747467,2.61512994766235,2.74266004562378,2.73024010658264,2.80555009841919,2.88165998458862,2.8359899520874,2.87784004211426,2.9337899684906,2.94039011001587,3.04710006713867,3.11011004447937,3.16778993606567,3.10929989814758,,
DEU,IP.JRN.ARTC.SC,,,,,,,,,64230.05,68275.18,69447.96,67533.92,69738.56,71531.01,71994.35,73156.37,76137.67,84243.62,85981.08,88887.79,92026.37,95032.6,97255.35,99987.37,104122.44,104648.18,106365.98,106343.65,107804.05,107880.17,107580.88,108725.2,109378.75,,
DEU,IP.PAT.NRES,9332.0,9168.0,8605.0,7784.0,7404.0,6995.0,7261.0,8055.0,9511.0,11291.0,10843.0,9502.0,10406.0,10486.0,10589.0,10663.0,10786.0,11855.0,12573.0,13139.0,13177.0,11724.0,12198.0,12458.0,14720.0,15814.0,17811.0,19509.0,19419.0,19927.0,21281.0,20802.0,19845.0,18747.0,
DEU,IP.PAT.RESD,31912.0,31171.0,30724.0,32256.0,33919.0,34752.0,36715.0,38103.0,42322.0,44438.0,46523.0,50029.0,51736.0,49989.0,47598.0,47818.0,48448.0,48367.0,48012.0,47853.0,49240.0,47859.0,47047.0,46986.0,46620.0,47353.0,48154.0,47384.0,48480.0,47785.0,46617.0,46632.0,42260.0,39822.0,
DEU,SP.POP.SCIE.RD.P6,,,,,,,,,2830.52905273438,2896.74658203125,2920.19897460938,3129.26928710938,3167.95092773438,3245.82421875,3260.09204101562,3295.27709960938,3309.57348632812,3335.03491210938,3434.5693359375,3578.50341796875,3733.27807617188,3922.21459960938,4058.00024414062,4188.8115234375,4352.32275390625,4366.6865234375,4320.7041015625,4743.7861328125,4861.7431640625,5076.51904296875,5217.30029296875,5396.470703125,5393.1455078125,,
DEU,SP.POP.TECH.RD.P6,,,,,,,,,1354.51349,1372.85047,1364.39009,,,,,1102.20772,1076.26203,1159.00519,1214.18065,1318.31768,1354.20763,1380.22509,1400.66219,1725.48048,1733.25114,1709.52961,1883.19568,1909.85383,1945.70514,2006.65327,,,,,
DEU,TX.VAL.TECH.CD,,,,,,,,,,,,,,,,,,,,169493517000.0,183022564975.0,158680284909.0,179569601140.0,202276358704.0,202764810815.0,209260620547.0,215614575271.0,199429949286.0,205076595195.0,195245397594.0,209722667086.0,208148360615.0,182351776932.0,209744317150.0,
DEU,TX.VAL.TECH.MF.ZS,,,,,,,,,,,,,,,,,,,,15.4555364522074,15.0704599306815,16.7898186515556,16.8848621678456,16.3375426871204,17.2215382672389,17.2943283240144,17.2060161377871,17.8212320062987,18.0793257800525,15.8115699893429,15.7444628643071,16.3846506680047,15.4996316282073,15.2255467632681,
ESP,BM.GSR.ROYL.CD,647124946.483526,702369537.339643,1021669985.26452,1020687942.59006,1070002296.62247,982797210.562038,1061345631.82681,1266225753.15064,1447370353.35883,1643510670.85885,1878319067.35468,,,,,,,,,,,,,,,4514279640.20002,4474717117.51778,4520612370.80118,4987966184.83067,5065245408.98261,6644636046.14469,6838705334.55079,5122068572.40469,5917230505.772,5829246356.39883
ESP,BX.GSR.ROYL.CD,39515859.8948688,52435028.3024118,90117193.0127265,84285827.8380254,101499241.987913,150374141.989184,220171988.256317,196073167.445017,214088034.021947,211801152.17643,241764812.378891,,,,,,,,,,,,,,,1173589612.92664,1436944061.33098,1613627620.2198,1919938921.59532,2373442084.84579,2527128831.19963,3418268057.98157,2949863120.82882,3839943381.89034,4517637598.83659
ESP,GB.XPD.RSDV.GD.ZS,,,,,,,,,0.78753000497818,0.777809977531433,0.848039984703064,0.838540017604828,0.882759988307953,0.888329982757568,0.959710001945496,1.02373003959656,1.04088997840881,1.09956002235413,1.17701995372772,1.24053001403809,1.32500004768372,1.36363995075226,1.35995995998383,1.33341002464294,1.29876005649567,1.27481997013092,1.24159002304077,1.22178995609283,1.18985998630524,1.20976996421814,1.24151003360748,1.25024998188019,1.41039001941681,,
ESP,IP.JRN.ARTC.SC,,,,,,,,,21122.2,22767.13,22924.81,23999.8,25000.67,26457.11,28112.36,29354.12,31906.6,35889.85,39519.17,42124.36,44086.73,47069.31,49030.56,52080.18,54354.19,54309.2,55517.81,54666.17,55081.89,55118.66,56322.49,58751.47,65638.38,,
ESP,IP.PAT.NRES,2209.0,2318.0,1079.0,746.0,561.0,563.0,537.0,553.0,524.0,496.0,476.0,506.0,484.0,467.0,371.0,367.0,313.0,313.0,316.0,265.0,252.0,207.0,213.0,196.0,209.0,218.0,225.0,221.0,177.0,176.0,149.0,159.0,124.0,126.0,
ESP,IP.PAT.RESD,1816.0,2087.0,2218.0,2156.0,2076.0,2165.0,2136.0,2047.0,2274.0,2237.0,2271.0,2439.0,2710.0,2528.0,2763.0,2813.0,2871.0,3040.0,3111.0,3267.0,3632.0,3596.0,3566.0,3430.0,3266.0,3026.0,2953.0,2799.0,2745.0,2167.0,1525.0,1288.0,1431.0,1308.0,
ESP,SP.POP.SCIE.RD.P6,,,,,,,,,1293.76965332031,1345.88745117188,1499.17065429688,1521.90844726562,1878.01989746094,1938.0859375,1987.56262207031,2172.0751953125,2331.98486328125,2492.55981445312,2588.91381835938,2699.24267578125,2843.27514648438,2872.33056640625,2869.16870117188,2765.99780273438,2693.77954101562,2625.68139648438,2613.09985351562,2623.35424804688,2715.46533203125,2855.74560546875,3000.88940429688,3080.52709960938,3109.24365234375,,
ESP,SP.POP.TECH.RD.P6,,,,,,,,,433.01054,447.72996,482.91658,583.19884,627.61921,688.78012,724.63027,851.66246,874.44348,906.50375,1002.53831,1108.12071,1124.66762,1242.57343,1293.31531,1243.61145,1232.99904,1210.76203,1163.05227,1189.6445,1189.22255,1264.92042,,,,,
ESP,TX.VAL.TECH.CD,,,,,,,,,,,,,,,,,,,,10502552067.0,11248660432.0,10374405678.0,11504349325.0,13554458627.0,13768258934.0,14479326037.0,14664458406.0,13109480801.0,15598981400.0,14928178719.0,15483660258.0,15036520591.0,15725222510.0,23455675754.0,
ESP,TX.VAL.TECH.MF.ZS,,,,,,,,,,,,,,,,,,,,5.6035851618541,5.58247850167433,6.47221445736308,6.55762609820007,6.58545173845354,7.24990808270695,6.96952967081369,6.91096223763001,6.88735849434648,7.8011153069532,6.99860847298044,6.7664727246809,6.84573905992425,7.76793731321175,9.39258335647231,
FIN,BM.GSR.ROYL.CD,244563866.572758,269655817.210405,316693261.712129,311622807.186394,270647259.299551,325487457.193036,324558642.672523,389212320.161414,465429923.844719,504312604.872238,411408467.681397,375327800.732606,565058183.775268,533700641.68561,605924790.115879,616276302.239088,800565236.130952,1122659918.4129,,,2253386654.98076,1477245035.7673,1508665557.86435,1576638925.29761,1774389256.05148,1917947813.86481,1178587921.9761,832316827.075512,876927845.023377,1022698642.46366,1066485644.78938,1000220940.55735,1209456424.27164,1110538038.09524,990037061.7289
FIN,BX.GSR.ROYL.CD,39506967.0272128,45067697.2611956,50470757.8783455,54124115.3034928,62675143.4618267,89132136.437928,75349812.1943748,58274058.9261078,65948470.8384743,93449667.3243878,106247893.558393,648293473.992682,886365778.471009,583847010.70305,560922518.662398,501363528.220054,839611133.015873,1205858637.75244,,,1489349689.87353,1734928257.78779,2318716972.87157,3238674269.52785,3326995162.51239,3533405014.68464,2622438709.32277,2455297313.72212,3030847431.06449,3072987936.20346,3456439587.82967,3612986914.01512,2980688861.63537,3422452668.32612,3195771121.36094
FIN,GB.XPD.RSDV.GD.ZS,,,,,,,,,2.45255994796753,2.62157988548279,2.78442001342773,3.0561900138855,3.24137997627258,3.19372010231018,3.25307989120483,3.29821991920471,3.30907011032104,3.32369995117188,3.33214998245239,3.33703994750977,3.53696990013123,3.73401999473572,3.70531988143921,3.61806011199951,3.3983199596405,3.27136993408203,3.14751005172729,2.87195992469788,2.72442007064819,2.72786998748779,2.75748991966248,2.79960989952087,2.91232991218567,,
FIN,IP.JRN.ARTC.SC,,,,,,,,,6576.37,6940.03,6928.39,6932.89,7504.8,7767.57,7849.93,8022.86,8726.82,9122.68,9363.27,9322.12,9545.18,9892.75,9896.47,10202.9,10425.9,10657.92,11068.94,10903.86,11111.14,10769.6,10848.8,11036.74,11328.41,,
FIN,IP.PAT.NRES,4084.0,4417.0,4410.0,2671.0,3953.0,2052.0,1842.0,1733.0,483.0,250.0,212.0,343.0,324.0,270.0,207.0,215.0,209.0,229.0,202.0,211.0,147.0,127.0,102.0,124.0,129.0,141.0,126.0,127.0,108.0,139.0,100.0,75.0,97.0,105.0,
FIN,IP.PAT.RESD,1981.0,1948.0,2059.0,2123.0,2052.0,2166.0,2306.0,2058.0,2179.0,2355.0,2471.0,2511.0,2579.0,2390.0,2162.0,1972.0,2011.0,1830.0,1816.0,1804.0,1799.0,1806.0,1731.0,1650.0,1698.0,1596.0,1419.0,1289.0,1260.0,1390.0,1387.0,1321.0,1588.0,1557.0,
FIN,SP.POP.SCIE.RD.P6,,,,,,,,,,,,,,,,,7821.861328125,7526.63037109375,7657.220703125,7361.54052734375,7684.80810546875,7646.3369140625,7720.2236328125,7421.58203125,7473.7060546875,7206.5322265625,7009.28759765625,6844.54736328125,6531.4794921875,6721.830078125,6861.14599609375,7227.5439453125,7527.36083984375,,
FIN,SP.POP.TECH.RD.P6,,,,,,,,,,,,,,,,,,,,,,,,,,,,,,,,,,,
FIN,TX.VAL.TECH.CD,,,,,,,,,,,,,,,,,,,,15796195880.0,16911189065.0,8741499653.0,7052255634.0,6421361831.0,5472474945.0,4694179888.0,5102532558.0,4250872228.0,3966656452.0,4404742624.0,4515414590.0,4563213722.0,4419533476.0,5489674612.0,
FIN,TX.VAL.TECH.MF.ZS,,,,,,,,,,,,,,,,,,,,21.7676028069453,21.4871790178276,18.01546011419,13.1465805635812,11.0749998574353,10.4735919116817,9.02392907701926,10.0520599955454,10.1842019957389,10.0522849596343,9.65603840857333,9.01758300794313,9.21454102016798,9.98225530086373,10.293656538116,
FRA,BM.GSR.ROYL.CD,1720570808.17546,1416909594.09784,1628676371.49048,1748149931.04276,2072778757.70372,1798053452.46228,1908824535.23078,2320297933.42987,2652879847.92705,2476558275.60864,2717179166.91769,4500823922.96103,4416719402.194,4095839453.42316,4547619885.08004,5154463498.89549,5800016169.16712,6182912478.86491,7028743114.64889,7672468332.61224,10435073227.356,8387238481.47801,10014878125.61,10545784932.3541,8754182545.12403,11054534501.3487,12764952188.4495,15660393095.6187,14758389447.0551,15849154072.1435,14350603897.0659,12396256257.8029,12859242933.1474,13704281563.2251,13407741811.0336
FRA,BX.GSR.ROYL.CD,1081605899.5873,998191639.642778,1294662125.40326,1387605156.12996,1578753016.40961,1455899627.5684,1531063076.63285,1850021380.68064,1884478266.1606,2046422949.03265,2337985042.3798,3663643017.03773,3973973759.5202,4741250358.65264,5714305056.38436,5865520891.77298,7237765433.9763,8315623611.71046,8459450015.32303,13466689886.0114,15472604431.7447,12671414489.1486,13625132122.8949,15344865099.7735,12742266510.8188,13169451182.1988,14543103950.2613,15242960369.0537,15482080301.7727,16843554961.9212,17743916340.6804,15407019866.5096,14111748013.7764,15480230955.3102,14126390161.1039
FRA,GB.XPD.RSDV.GD.ZS,,,,,,,,,2.2228000164032,2.14699006080627,2.09475994110107,2.10767006874084,2.09346008300781,2.13804006576538,2.17448997497559,2.11994004249573,2.09460997581482,2.05151009559631,2.05094003677368,2.0245099067688,2.06117010116577,2.21206998825073,2.17857003211975,2.19161009788513,2.22707009315491,2.23703002929688,2.27591991424561,2.2270200252533,2.22237992286682,2.1988799571991,2.19666004180908,2.19179010391235,2.34717011451721,,
FRA,IP.JRN.ARTC.SC,,,,,,,,,46610.69,49416.52,49672.35,49210.64,50006.98,50801.94,51494.97,52659.44,54976.7,59436.01,62294.75,63247.3,66278.1,67841.08,68299.86,70130.47,71646.01,72641.06,72165.9,71454.24,70742.15,69328.55,67682.67,65758.26,66478.55,,
FRA,IP.PAT.NRES,5194.0,4986.0,4260.0,3908.0,3547.0,3402.0,3520.0,3477.0,3484.0,3637.0,3544.0,3282.0,3483.0,3605.0,3389.0,3339.0,3060.0,2948.0,2720.0,2387.0,1761.0,1593.0,1832.0,2099.0,2092.0,2196.0,2033.0,1994.0,2012.0,1832.0,1919.0,1766.0,1542.0,1373.0,
FRA,IP.PAT.RESD,12437.0,12592.0,12378.0,12597.0,12539.0,12638.0,12519.0,12419.0,12916.0,13252.0,13251.0,13592.0,13870.0,13499.0,13519.0,13511.0,14230.0,14327.0,14529.0,14722.0,14658.0,14100.0,14748.0,14655.0,14540.0,14690.0,14500.0,14306.0,14206.0,14415.0,14303.0,14103.0,12771.0,13386.0,
FRA,SP.POP.SCIE.RD.P6,,,,,,,,,2668.87622070312,2657.86059570312,2664.5400390625,2732.7431640625,2915.69458007812,2986.8583984375,3117.2119140625,3199.74829101562,3334.1669921875,3313.25854492188,3423.74853515625,3585.80590820312,3659.884765625,3747.28466796875,3873.01293945312,3942.38891601562,4073.25048828125,4154.8154296875,4233.63818359375,4336.01416015625,4414.69873046875,4569.90771484375,4699.74169921875,4811.53076171875,4926.18896484375,,
FRA,SP.POP.TECH.RD.P6,,,,,,,,,,,,,,,,,1753.19275,1720.73252,1861.92102,1825.85921,1861.63937,1895.0048,1882.38567,1876.40812,1874.23047,1836.13681,1809.34158,1798.3546,1804.90705,1805.54395,,,,,
FRA,TX.VAL.TECH.CD,,,,,,,,,,,,,,,,,,,,85771313939.0,98755787407.0,87885947635.0,105238742390.0,111877556068.0,114060869490.0,118708423591.0,120586813434.0,109607526938.0,108744117954.0,108779749957.0,117574883771.0,120534304793.0,87120395046.0,97528027435.0,
FRA,TX.VAL.TECH.MF.ZS,,,,,,,,,,,,,,,,,,,,20.0995373655407,21.4329214115065,24.0914869416335,26.2948277913036,25.0896226972951,26.6626605557059,27.1559979226953,27.4407037954667,28.1846092902506,27.9094627128882,25.9970054154372,25.9170336616783,26.9114445946556,23.144383968198,21.9194645704804,
GBR,BM.GSR.ROYL.CD,2331718494.71769,2600777859.11888,3574748479.59435,3370457080.53713,3577319474.46994,3603459888.28496,4472337548.49041,5198358488.48013,6320330299.39602,6137005611.39948,6652282989.14554,8118870505.08955,7147868031.29814,7106653490.15867,8194613067.77313,8794302536.43413,9692330341.68547,10536918307.7105,10709233287.3281,9189715165.51252,11454256328.8895,10473073185.8168,10850107600.3813,12192693732.1619,10576676645.1255,9634649292.78993,11675819527.4738,12279694752.721,11375283178.2379,12336313371.5013,14572553139.1146,16495847277.6526,15743194164.573,17199514849.2421,17245075857.0618
GBR,BX.GSR.ROYL.CD,2411849758.96279,2603690902.7371,3055033020.48712,3339481527.94765,4190099802.86732,4355381732.61052,5319050532.29923,6080093956.74603,6655053056.30066,6790442218.39124,7070738733.64791,7690991768.40522,8098446664.3324,8158908320.65253,6950008298.61515,8681034662.62719,10984823631.1734,16061574496.9521,16495779267.7242,18642215189.9491,17601940135.4248,18137958420.3577,18121316422.4067,18704684212.2777,16556135736.1452,16906115420.0974,19900806695.5287,20891321911.5522,18816662933.4402,22179105825.1088,24009792879.1991,25721371554.7424,23017352520.0332,24650736392.4798,27616275397.9554
GBR,GB.XPD.RSDV.GD.ZS,,,,,,,,,1.57321000099182,1.53640997409821,1.54648995399475,1.62127995491028,1.60906004905701,1.59658002853394,1.61372995376587,1.57962000370026,1.52997994422913,1.54904997348785,1.57539999485016,1.61708998680115,1.6078599691391,1.66659998893738,1.63496994972229,1.6452100276947,1.57631003856659,1.62011003494263,1.64263999462128,1.64632999897003,1.6569299697876,1.66946995258331,1.71835005283356,1.72090995311737,,,
GBR,IP.JRN.ARTC.SC,,,,,,,,,72332.42,74151.07,74207.66,73334.16,77969.06,74398.12,75375.88,76341.42,80185.02,85438.73,89062.42,91538.02,91581.47,94038.52,94081.01,95498.19,97564.17,98589.76,98439.22,99434.66,99716.51,99990.59,100600.79,101343.03,105564.47,,
GBR,IP.PAT.NRES,9935.0,9637.0,8928.0,8357.0,7839.0,7922.0,8081.0,8891.0,9821.0,10171.0,10083.0,10399.0,10697.0,10658.0,10907.0,11198.0,10776.0,10155.0,8261.0,7624.0,6856.0,6480.0,6439.0,6916.0,7865.0,7966.0,7844.0,7934.0,8183.0,8771.0,8076.0,7189.0,8659.0,7263.0,
GBR,IP.PAT.RESD,20536.0,19732.0,19310.0,19230.0,18848.0,18727.0,18384.0,18630.0,18184.0,17938.0,19530.0,21333.0,22050.0,21423.0,20624.0,20426.0,19178.0,17833.0,17484.0,17375.0,16523.0,15985.0,15490.0,15343.0,15370.0,14972.0,15196.0,14867.0,13876.0,13301.0,12865.0,12061.0,11990.0,11592.0,
GBR,SP.POP.SCIE.RD.P6,,,,,,,,,2490.55493164062,2497.82055664062,2694.61743164062,2853.96557617188,2894.51489257812,3080.69409179688,3340.2216796875,3638.09033203125,3824.26196289062,4123.53173828125,4176.3125,4111.140625,4053.92724609375,4076.55200195312,4043.26708984375,3926.11791992188,3969.85913085938,4119.451171875,4227.6201171875,4319.50146484375,4357.93310546875,4434.9658203125,4554.4658203125,4683.765625,,,
GBR,SP.POP.TECH.RD.P6,,,,,,,,,,,,,,,,,,688.25524,725.70233,853.49869,894.86867,918.9098,934.29414,1140.06267,1061.34473,1188.21523,1255.49029,1349.98182,1305.4251,,,,,,
GBR,TX.VAL.TECH.CD,,,,,,,,,,,,,,,,,,,,68857350336.0,67496532150.0,48644842352.0,66714274846.0,75783351756.0,73147759484.0,74696893576.0,76014219847.0,74578603459.0,73806480005.0,73689913071.0,75580036686.0,76894056310.0,58143796335.0,66699915640.0,
GBR,TX.VAL.TECH.MF.ZS,,,,,,,,,,,,,,,,,,,,20.8645973203505,20.600621252918,20.4516079647542,23.2864747201681,23.2889304315093,23.4467991995012,23.5743828779703,22.1921753523603,22.3227523454659,23.5459013076868,22.6067220238976,22.3195579869368,23.0832624570095,22.9971627452191,23.8536838150556,
IND,BM.GSR.ROYL.CD,108393928.245473,127039845.217344,72465533.6920886,49565207.8966533,68598351.5448718,75336944.7081247,93836422.8417528,90293739.5324619,118039538.685944,150485539.464685,200807738.730187,315298932.626378,282463092.346092,317035850.702585,345233066.962674,549887942.05063,611481232.354589,671829366.31862,845949436.030585,1159824390.70936,1528826912.72299,1860070100.10474,2438302981.08653,2819291078.7559,3990055616.79302,3903908830.45921,4848711888.70729,5009034406.59605,5466041709.7527,6515405393.63595,7905957776.50492,7889685402.17332,7241107556.78618,8631569309.27649,10427794881.2932
IND,BX.GSR.ROYL.CD,1032024.35151543,1292412.28765816,1323398.8097299,615524.763325468,731658.988919697,290980.453742414,446175.135529177,1395550.26340294,6899307.42773766,12414145.5187344,19303913.3226733,22883886.5633397,82548708.7700892,37156159.5439439,20159947.9368238,24088615.6906115,52796059.5739589,205974583.701422,60913260.3059551,163126496.583273,147815443.392231,191939516.593492,127378163.310578,302615975.492119,321445173.962871,445568319.526626,658722433.043535,466556838.054459,524879155.063454,659628260.998322,784900902.149806,871605164.428632,1253654725.41466,870139762.196607,1167577791.2464
IND,GB.XPD.RSDV.GD.ZS,,,,,,,,,0.639050006866455,0.686689972877502,0.703790009021759,0.724129974842072,0.756990015506744,0.735909998416901,0.725669980049133,0.719290018081665,0.756900012493134,0.824109971523285,0.804729998111725,0.805069983005524,0.858759999275208,0.833140015602112,0.788489997386932,0.755020022392273,,0.706420004367828,0.701590001583099,0.693099975585938,0.669839978218079,0.666029989719391,0.655290007591248,,,,
IND,IP.JRN.ARTC.SC,,,,,,,,,18904.78,19348.5,19717.89,20837.67,21408.98,22532.95,24313.44,26819.84,28779.55,32885.07,38130.93,42576.2,48135.46,53556.94,60555.03,71809.31,77746.24,82779.36,91336.65,97787.68,107193.04,112504.97,127527.46,129549.92,149212.62,,
IND,IP.PAT.NRES,2504.0,2600.0,2673.0,2328.0,2176.0,2511.0,3212.0,5021.0,6901.0,8229.0,6707.0,2620.0,6332.0,8213.0,8772.0,9188.0,13452.0,19661.0,23242.0,28922.0,30387.0,27025.0,30909.0,33450.0,34402.0,32362.0,30814.0,33079.0,31858.0,31621.0,33766.0,34173.0,33630.0,35306.0,
IND,IP.PAT.RESD,1033.0,1048.0,1147.0,1267.0,1248.0,1209.0,1588.0,1545.0,1661.0,1926.0,2247.0,2206.0,2206.0,2379.0,2693.0,3425.0,4014.0,4721.0,5686.0,6296.0,6425.0,7262.0,8853.0,8841.0,9553.0,10669.0,12040.0,12579.0,13199.0,14961.0,16289.0,19454.0,23141.0,26267.0,
IND,SP.POP.SCIE.RD.P6,,,,,,,,,152.006607055664,,115.281898498535,,109.728073120117,,,,,134.912567138672,,,,,156.219665527344,,,,,216.000823974609,,,,,,,
IND,SP.POP.TECH.RD.P6,,,,,,,,,110.77041,,98.73234,,85.22344,,,,,92.19858,,,,,100.61565,,,,,95.54919,,,73.05997,,,,
IND,TX.VAL.TECH.CD,,,,,,,,,,,,,,,,,,,,,,11215083873.0,10659474981.0,14503888164.0,13873821378.0,17938424107.0,18326340971.0,14583513323.0,14261348931.0,15101761889.0,20182210999.0,23470537791.0,21583196861.0,27446653652.0,
IND,TX.VAL.TECH.MF.ZS,,,,,,,,,,,,,,,,,,,,,,9.56530523039041,7.72334080992274,7.86856500680686,7.69991801319108,8.86996677961836,9.21716620337348,8.02187885520723,7.66035723093902,7.36067282279695,9.04035571931841,10.2234993586926,11.0322567956265,10.2122155392107,
JPN,BM.GSR.ROYL.CD,,,,,,,,,9828945306.84495,9620507762.24151,8947380928.65356,9854801123.84522,11006793149.598,11098561970.8524,11020739908.8539,11003388851.9008,13644338678.2394,14653524495.4493,15500422630.0406,16677754114.4857,18311541938.9621,16834677241.2227,18768647813.3267,19172720512.1256,19897558092.8026,17831143179.9957,20941598563.3024,17033762145.6497,20246369822.2082,21381387583.9079,21993730961.7517,26774027970.6846,28550217207.2916,29653031447.8851,27797728101.8265
JPN,BX.GSR.ROYL.CD,,,,,,,,,6680586807.97837,7302764523.66377,7388020643.41433,8190414066.96276,10227354811.4584,10461595549.6634,10421751154.8455,12270687359.0694,15701300547.3509,17655293013.2502,20095621605.519,23228568012.543,25700583119.7173,21697984664.1582,26680317333.8952,28989252520.8126,31892291571.9476,31586957364.2198,37336359360.3338,36476971138.5854,39136372676.8632,41721260134.2765,45571207969.359,47149932380.4128,43315520409.1622,48310405302.3973,46598458567.6322
JPN,GB.XPD.RSDV.GD.ZS,,,,,,,,,2.6430299282074,2.72177004814148,2.82745003700256,2.84671998023987,2.8584098815918,2.92348003387451,2.96514010429382,2.99320006370544,2.98125004768372,3.13091993331909,3.2276599407196,3.29257011413574,3.29223990440369,3.19589996337891,3.10494995117188,3.20536994934082,3.17371010780334,3.27895998954773,3.36788010597229,3.24071002006531,3.10665988922119,3.16635990142822,3.22113990783691,3.21489000320435,3.2746000289917,,
JPN,IP.JRN.ARTC.SC,,,,,,,,,88807.36,91890.26,92245.79,94194.57,96607.21,96102.98,98144.51,100494.81,103153.97,111835.95,113061.46,108877.11,107263.61,108810.96,108533.79,110349.36,108729.18,107888.8,104434.12,101064.8,101385.8,100971.06,101933.57,101039.83,101014.27,,
JPN,IP.PAT.NRES,30491.0,33641.0,34360.0,33463.0,33875.0,34141.0,33363.0,34603.0,36514.0,40765.0,42551.0,45475.0,49501.0,52408.0,51586.0,54909.0,54665.0,59118.0,61614.0,62793.0,60892.0,53281.0,54517.0,55030.0,55783.0,56705.0,60030.0,59882.0,58137.0,58189.0,59937.0,62597.0,61124.0,66748.0,
JPN,IP.PAT.RESD,308908.0,317566.0,333230.0,335933.0,338019.0,332345.0,319938.0,334612.0,340101.0,350807.0,359381.0,360180.0,387364.0,386767.0,369458.0,358184.0,368416.0,367960.0,347060.0,333498.0,330110.0,295315.0,290081.0,287580.0,287013.0,271731.0,265959.0,258839.0,260244.0,260292.0,253630.0,245372.0,227348.0,222452.0,
JPN,SP.POP.SCIE.RD.P6,,,,,,,,,4874.802734375,4928.90283203125,5135.7626953125,5174.98095703125,5078.033203125,5113.158203125,4871.5302734375,5094.3095703125,5099.263671875,5303.91650390625,5333.04345703125,5325.62353515625,5108.78271484375,5099.2109375,5103.62548828125,5110.16552734375,5032.93115234375,5147.43505859375,5328.40966796875,5173.03076171875,5209.369140625,5304.1376953125,5331.150390625,5374.5810546875,5454.68310546875,,
JPN,SP.POP.TECH.RD.P6,,,,,,,,,662.53386,658.34343,683.00624,663.86248,619.10615,538.34421,524.18787,526.23658,570.23095,558.93533,575.24083,583.83245,587.52758,581.89016,582.35281,559.13291,512.58503,513.84027,536.96443,521.95125,502.55447,520.66338,524.29128,,,,
JPN,TX.VAL.TECH.CD,,,,,,,,,,,,,,,,,,,,128315042350.0,130246559587.0,103707828342.0,129808093675.0,133086554903.0,129203438507.0,111060297529.0,107367024290.0,98249840020.0,99101202201.0,106183786017.0,110741507162.0,103896710397.0,102751095238.0,116513861428.0,
JPN,TX.VAL.TECH.MF.ZS,,,,,,,,,,,,,,,,,,,,20.0190284254831,18.7854952404703,20.4042357483735,19.0810645395601,18.3493206122431,18.2015677459835,17.7272091325285,17.7512784757847,18.0189719802561,17.5921112166358,17.5655052337407,17.2692413566673,17.0001606858597,18.6010339335184,17.9759739407267,
KOR,BM.GSR.ROYL.CD,823300000.0,1129300000.0,1376800000.0,1608700000.0,1672700000.0,1451400000.0,1767300000.0,2468100000.0,2537000000.0,2529800000.0,2434400000.0,2741200000.0,3300300000.0,3142000000.0,3125900000.0,3660100000.0,4598100000.0,4720000000.0,4776500000.0,5334400000.0,5823400000.0,7355600000.0,9182900000.0,7415000000.0,8616600000.0,9836800000.0,10546000000.0,10055900000.0,9429400000.0,9701600000.0,9812300000.0,9909400000.0,9888400000.0,11116300000.0,11676500000.0
KOR,BX.GSR.ROYL.CD,42600000.0,23200000.0,37100000.0,60500000.0,105000000.0,129500000.0,154800000.0,299200000.0,184900000.0,252600000.0,261500000.0,463100000.0,701500000.0,947300000.0,879600000.0,1339100000.0,1916800000.0,2035600000.0,2115000000.0,1826800000.0,2434300000.0,3255400000.0,3188400000.0,4399000000.0,3902900000.0,4355300000.0,5541600000.0,6553500000.0,6936000000.0,7286800000.0,7749100000.0,7752000000.0,6895200000.0,8070800000.0,7925500000.0
KOR,GB.XPD.RSDV.GD.ZS,,,,,,,,,2.21616005897522,2.24830007553101,2.11026000976562,2.01567006111145,2.12519001960754,2.2786500453949,2.20774006843567,2.27722001075745,2.44214010238647,2.52290010452271,2.71934008598328,2.87258005142212,2.9888699054718,3.14668989181519,3.3157799243927,3.59198999404907,3.8503999710083,3.95124006271362,4.07785987854004,3.97819995880127,3.9870400428772,4.29205989837646,4.51632976531982,4.62702989578247,4.79571008682251,,
KOR,IP.JRN.ARTC.SC,,,,,,,,,8866.52,11237.92,12158.34,14682.76,15875.05,18435.81,20023.41,23666.41,27597.05,31957.31,37079.26,41212.59,43771.58,45865.76,50224.21,53441.41,56031.5,57348.43,60042.57,62506.07,62559.51,63701.87,66408.77,68934.36,72490.44,,
KOR,IP.PAT.NRES,14355.0,16295.0,16738.0,14880.0,15122.0,15044.0,17158.0,19271.0,21921.0,25325.0,24637.0,24672.0,29179.0,30898.0,29566.0,28338.0,34865.0,38733.0,40713.0,43768.0,43518.0,36207.0,38296.0,40890.0,40779.0,44611.0,46219.0,46419.0,45406.0,45691.0,47431.0,47372.0,46282.0,51753.0,
KOR,IP.PAT.RESD,5696.0,7020.0,9082.0,13253.0,15951.0,21449.0,28554.0,59228.0,68405.0,67359.0,50596.0,55970.0,72831.0,73714.0,76570.0,90313.0,105250.0,122188.0,125476.0,128701.0,127114.0,127316.0,131805.0,138034.0,148136.0,159978.0,164073.0,167275.0,163424.0,159084.0,162561.0,171603.0,180477.0,186245.0,
KOR,SP.POP.SCIE.RD.P6,,,,,,,,,2173.35034179688,2222.26782226562,1984.97705078125,2131.35864257812,2287.28857421875,2857.84521484375,2956.63208007812,3134.09008789062,3221.46020507812,3692.16552734375,4091.4111328125,4525.93212890625,4801.2421875,4946.0859375,5330.80126953125,5802.8369140625,6304.13818359375,6392.63623046875,6826.27392578125,7013.49072265625,7086.4462890625,7497.59619140625,7980.3955078125,8407.7578125,8713.59375,,
KOR,SP.POP.TECH.RD.P6,,,,,,,,,625.12265,571.15268,524.31655,556.395,447.49556,446.77609,488.08794,557.92581,571.75161,539.44425,573.55359,704.17934,800.54697,902.60459,959.85384,1042.40285,1152.89228,1156.14651,1228.16954,1212.13441,1227.80109,1251.10685,1311.43521,,,,
KOR,TX.VAL.TECH.CD,,,,,,,,,,,,,,,,,,,,106527474413.0,110787204903.0,103492161457.0,132075427070.0,133455009472.0,130654606778.0,143473573511.0,149049317631.0,147041119417.0,135900455619.0,166652775035.0,192785756041.0,153546690360.0,163987147750.0,,
KOR,TX.VAL.TECH.MF.ZS,,,,,,,,,,,,,,,,,,,,32.2249311916882,30.3317306851463,32.0634841742842,32.0743975658747,28.1790538029906,28.2174671755151,29.815779383274,30.0582338141868,31.210776472633,30.5237689776385,32.5456334891575,36.3907065009148,32.4044345764689,35.7342037721264,,
MEX,BM.GSR.ROYL.CD,217000000.0,221000000.0,380000000.0,419000000.0,472000000.0,494000000.0,668440000.0,484130000.0,360100000.0,501300000.0,453633000.0,554161000.0,406846000.0,418500000.0,2216025539.0,2041737930.0,2150423060.0,2384797626.0,2506167696.0,2558165024.0,2393935171.0,2511538314.0,3015243396.0,3399954682.0,3647705203.0,3801442516.0,3834926121.0,3947789516.0,4299087599.0,4647755230.0,5123069376.0,4629408827.0,4478527629.0,4538833344.0,4321444242.0
MEX,BX.GSR.ROYL.CD,14000000.0,21000000.0,73000000.0,78000000.0,85000000.0,96000000.0,19850000.0,114440000.0,121800000.0,129900000.0,138390000.0,42046000.0,43077000.0,40758000.0,91791753.0,92671477.0,129554328.0,112060409.0,166752770.0,160670106.0,181722836.0,175442292.0,219853487.0,399520091.0,280602705.0,304202067.0,335389705.0,382872345.0,501282126.0,439836029.0,539309536.0,757623000.0,750716618.0,1140257933.0,1712564970.0
MEX,GB.XPD.RSDV.GD.ZS,,,,,,,,,0.250669986009598,0.276199996471405,0.301959991455078,0.344099998474121,0.306129992008209,0.324180006980896,0.354299992322922,0.393139988183975,0.388159990310669,0.398440003395081,0.369219988584518,0.398330003023148,0.443870007991791,0.47953999042511,0.494850009679794,0.471289992332458,0.420960009098053,0.425029993057251,0.43529999256134,0.42943000793457,0.387780010700226,0.328319996595383,0.307110011577606,0.283939987421036,0.296380013227463,,
MEX,IP.JRN.ARTC.SC,,,,,,,,,3945.12,4350.81,4656.51,4873.62,5026.99,5434.53,5962.27,6729.9,7285.4,8316.07,9432.71,9634.49,10418.35,10662.07,11269.39,11856.04,12579.93,13215.34,14085.34,14542.51,15030.26,16016.63,16926.89,18495.83,20074.24,,
MEX,IP.PAT.NRES,3748.0,3817.0,4400.0,4707.0,7130.0,7659.0,9446.0,4961.0,6365.0,10111.0,10440.0,11655.0,12630.0,13031.0,12536.0,11739.0,12633.0,13851.0,14931.0,15970.0,15896.0,13459.0,13625.0,12990.0,14020.0,14234.0,14889.0,16707.0,16103.0,15850.0,14869.0,14636.0,13180.0,15044.0,
MEX,IP.PAT.RESD,652.0,757.0,661.0,564.0,565.0,553.0,498.0,432.0,386.0,420.0,453.0,455.0,431.0,534.0,526.0,468.0,565.0,584.0,574.0,629.0,685.0,822.0,951.0,1065.0,1294.0,1210.0,1246.0,1364.0,1310.0,1334.0,1555.0,1305.0,1132.0,1117.0,
MEX,SP.POP.SCIE.RD.P6,,,,,,,,,213.576293945312,226.369018554688,216.872772216797,224.434921264648,224.751205444336,233.207763671875,306.161895751953,325.549743652344,380.079650878906,414.338134765625,337.15087890625,347.438171386719,339.654479980469,382.101379394531,337.416564941406,344.228515625,248.085388183594,251.799545288086,260.189392089844,281.32421875,315.269805908203,313.562316894531,310.557189941406,327.217376708984,348.754608154297,,
MEX,SP.POP.TECH.RD.P6,,,,,,,,,69.70699,80.44519,,,95.2681,,110.92125,148.46574,213.26139,243.34655,179.6948,183.53859,221.90985,238.37874,181.95617,184.89759,142.73078,137.55378,115.64111,120.92606,140.29751,,,,,,
MEX,TX.VAL.TECH.CD,,,,,,,,,,,,,,,,,,,,,43655038390.0,38922314346.0,49220998354.0,52263263695.0,57554228142.0,58517564993.0,61491327493.0,60215238507.0,62439833022.0,69631039375.0,74815823506.0,75162629529.0,71003025509.0,74932493342.0,
MEX,TX.VAL.TECH.MF.ZS,,,,,,,,,,,,,,,,,,,,,20.5652559712951,22.6828967471197,22.1354893878742,21.1474324948355,21.3529893047675,20.5107806934342,20.197391030004,19.5702756004549,20.6376637466237,21.1660503506487,20.8885529534928,20.4058335844436,21.5052493872229,19.8038345878397,
NOR,BM.GSR.ROYL.CD,160386374.597115,132422322.735522,148378685.377539,168499156.444049,183763753.618721,266135554.57535,296971926.454974,375298594.121526,290439765.632967,364153390.681099,347818300.495554,341556972.138857,439207804.386455,329060784.876315,328603757.905143,394454192.176467,442165107.937253,436873691.571537,454367240.631779,168936737.425428,459851143.978155,317624196.874938,633879635.595425,778782346.309601,587756889.122574,668151571.243944,654166979.236842,569367271.707577,505448565.930798,1381215431.24482,738224369.924214,614054872.650405,739106285.405282,553296342.381237,546959607.784999
NOR,BX.GSR.ROYL.CD,80676582.1602066,107729327.262567,132326270.710715,115538759.450556,121811875.209607,125596810.978092,115305645.104382,110777755.251598,118224537.583647,102609177.023836,88949704.9562283,149263794.817065,160593957.131673,159132236.814149,170902271.461809,194629778.96359,241996935.602904,383487429.427759,384188671.439507,192009723.075014,232763020.763768,124282336.761653,338588556.409627,321690939.907861,350144231.718776,303905910.462864,477672933.477664,509698555.658137,479670375.582659,676051284.35717,612674302.39976,362939884.251541,605352582.559772,419053332.651014,430020824.683859
NOR,GB.XPD.RSDV.GD.ZS,,,,,,,,,,1.59350001811981,,1.60535001754761,,1.56259000301361,1.62969994544983,1.67957997322083,1.54416000843048,1.48239004611969,1.4553200006485,1.56456995010376,1.55447995662689,1.7247200012207,1.64998996257782,1.62712001800537,1.62086999416351,1.65237998962402,1.71505999565125,1.93526005744934,2.04460000991821,2.09918999671936,2.04781007766724,2.15604996681213,2.27803993225098,,
NOR,IP.JRN.ARTC.SC,,,,,,,,,4790.04,5158.2,5207.28,4792.49,5063.27,5159.27,5168.99,5297.91,5774.19,6751.28,7173.66,7691.47,7904.71,8733.72,8949.95,9597.54,10156.04,10212.45,10449.72,10363.98,11133.87,11672.12,12044.24,12407.49,13262.07,,
NOR,IP.PAT.NRES,4933.0,4324.0,4745.0,4213.0,4120.0,3886.0,4072.0,4280.0,4336.0,4959.0,5006.0,5255.0,5389.0,5242.0,5109.0,4782.0,4348.0,4843.0,4957.0,5431.0,4280.0,2358.0,696.0,654.0,555.0,648.0,457.0,652.0,833.0,908.0,592.0,582.0,564.0,634.0,
NOR,IP.PAT.RESD,904.0,1015.0,899.0,924.0,941.0,1031.0,1074.0,1128.0,1291.0,1256.0,1213.0,1335.0,1311.0,1189.0,1178.0,1079.0,1142.0,1143.0,1119.0,1225.0,1150.0,1246.0,1117.0,1122.0,1009.0,1101.0,1106.0,1153.0,1227.0,1152.0,1082.0,957.0,880.0,946.0,
NOR,SP.POP.SCIE.RD.P6,,,,,,,,,,3956.77905273438,,4089.17822265625,,4352.060546875,,4495.9130859375,4493.548828125,4576.56201171875,4831.93408203125,5159.67919921875,5361.11865234375,5443.0966796875,5413.76611328125,5502.46240234375,5552.974609375,5573.826171875,5685.626953125,5890.955078125,6077.56787109375,6350.0625,6432.60498046875,6673.90869140625,6698.8349609375,,
NOR,SP.POP.TECH.RD.P6,,,,,,,,,,,,,,,,,,,,,,,,,,,,,,,,,,,
NOR,TX.VAL.TECH.CD,,,,,,,,,,,,,,,,,,,,4466787764.0,5505022272.0,4889828833.0,4943700687.0,5379956537.0,5157053969.0,5372311643.0,5698240148.0,5035410425.0,4311783123.0,4265577951.0,4318503106.0,4610571780.0,4068984524.0,4746441712.0,
NOR,TX.VAL.TECH.MF.ZS,,,,,,,,,,,,,,,,,,,,18.0174602965863,18.9968692169848,19.9040118289438,20.3679916674986,21.5439585657908,21.1239581312115,21.0204585589969,22.3152781405312,22.2626290067124,20.9549746236602,21.5968008915935,21.1172838064403,22.4911658290724,22.0675931681595,20.6427277987191,
NZL,BM.GSR.ROYL.CD,,,,,,,,,,,,,312843010.409449,317121949.627222,361820924.360276,466307528.790678,528700292.565514,554120312.863114,501079242.750502,611066531.841278,619758922.57243,578826768.011751,699871922.960275,1010436677.87467,973564426.113599,982801999.76673,942756515.234422,837125959.222959,867802528.538549,921694042.452713,913496669.654209,937337789.437608,835111263.189465,1067663598.84993,1084483869.75852
NZL,BX.GSR.ROYL.CD,,,,,,,,,,,,,49203171.2927909,58140300.2730437,78878659.6641187,107643357.648681,104903159.74152,95765734.479221,133238109.741916,157643217.54016,203940560.428325,184995177.611571,255298618.113284,312868939.337601,297473243.062863,330543965.537854,322864626.480841,369228462.074208,484911721.525296,606278029.640097,754361210.215593,832659388.177026,835384144.144611,1167005031.48746,1107537220.63469
NZL,GB.XPD.RSDV.GD.ZS,,,,,,,,,,1.05648994445801,,0.963869988918304,,1.10028994083405,,1.14891004562378,,1.12042999267578,,1.15763998031616,,1.25214004516602,,1.23224997520447,,1.15339004993439,,1.22817003726959,,1.34867000579834,,1.4041600227356,,,
NZL,IP.JRN.ARTC.SC,,,,,,,,,3749.47,4027.97,4110.31,4361.2,4324.72,4412.78,4373.95,4478.24,4910.44,5408.19,5718.15,6077.84,6377.96,6604.65,6881.36,7606.65,7688.62,7730.93,7879.36,7761.63,8063.58,8038.37,8193.22,8454.51,8983.48,,
NZL,IP.PAT.NRES,3622.0,3660.0,3869.0,3550.0,3390.0,1866.0,2517.0,3435.0,6192.0,8259.0,4519.0,6541.0,5585.0,5507.0,5109.0,5028.0,4900.0,5112.0,5212.0,5952.0,4468.0,4803.0,5051.0,4708.0,5674.0,5167.0,6092.0,5317.0,5311.0,5146.0,5221.0,5690.0,5417.0,6522.0,
NZL,IP.PAT.RESD,803.0,807.0,802.0,983.0,1031.0,1236.0,1254.0,1284.0,1275.0,1572.0,1181.0,1420.0,1463.0,1768.0,1839.0,1845.0,1631.0,1893.0,2153.0,1892.0,1256.0,1555.0,1585.0,1501.0,1425.0,1614.0,1636.0,1184.0,1075.0,1014.0,1017.0,324.0,348.0,330.0,
NZL,SP.POP.SCIE.RD.P6,,,,,,,,,,2202.41455078125,,2296.41162109375,,2642.95727539062,,3073.791015625,,3140.23828125,,3449.05297851562,,3723.97534179688,,3688.88623046875,,3961.478515625,,5417.66748046875,,5104.173828125,,5853.9892578125,,,
NZL,SP.POP.TECH.RD.P6,,,,,,,,,,733.91746,,672.47562,,712.39707,,816.74382,,773.81507,,885.8869,,948.34152,,1018.40415,,995.90241,,1040.19216,,1276.04352,,,,,
NZL,TX.VAL.TECH.CD,,,,,,,,,,,,,,,,,,,,662365503.0,637514810.0,521135135.0,614252958.0,923242339.0,762141613.0,775319274.0,699087024.0,657032910.0,640080022.0,564052118.0,604747406.0,572744454.0,590426010.0,1121951454.0,
NZL,TX.VAL.TECH.MF.ZS,,,,,,,,,,,,,,,,,,,,10.0375919105575,9.32059916524986,9.91035455976136,9.67058830720744,9.96927201049415,10.0824886584962,10.7264107400838,9.9138784102099,10.1121241606523,10.8767495656268,9.2522046788736,9.81147627345501,9.86557593465745,9.63121005916861,16.2551425036932,
PER,BM.GSR.ROYL.CD,3700000.0,1600000.0,5000000.0,8000000.0,12000000.0,22000000.0,37600000.0,49969000.0,78951000.0,54075000.0,62796820.0,63984000.0,74288000.0,65485000.0,70755000.0,74298000.0,78082000.0,81628000.0,95339000.0,111272000.0,159484000.0,152419000.0,196763615.297811,215801198.333333,363763314.99,394276014.350001,465593559.833161,421403538.329017,379133896.098728,306382719.154721,349222679.395704,419229521.678652,459604252.871549,505899553.424375,521794008.099279
PER,BX.GSR.ROYL.CD,,,,,,,,1097000.0,101000.0,7297000.0,1221000.0,389000.0,1035000.0,756000.0,817000.0,531000.0,239000.0,1786000.0,2695000.0,1065000.0,1500000.0,2186000.0,3052000.0,5370000.0,7143518.57522738,4799712.99999999,6000000.0,13684929.0,16881634.0,26290389.47,26182714.2857143,30291840.0,25098048.0,38013259.52,39533789.9008
PER,GB.XPD.RSDV.GD.ZS,,,,,,,,,,0.0835999995470047,0.100720003247261,0.0984899997711182,0.112659998238087,0.110959999263287,0.106140002608299,0.108130000531673,0.155780002474785,,,,,,,0.0828199982643127,0.0553000010550022,0.0817399993538857,0.108050003647804,0.117020003497601,0.120080001652241,0.120849996805191,0.126829996705055,0.156959995627403,0.171930000185966,,
PER,IP.JRN.ARTC.SC,,,,,,,,,121.87,117.75,93.7,160.92,172.38,196.66,191.96,265.05,263.63,299.49,439.65,400.36,401.19,488.18,550.49,591.16,636.0,661.46,737.52,884.93,1050.04,1334.0,1648.11,2192.52,2701.5,,
PER,IP.PAT.NRES,194.0,,219.0,216.0,262.0,254.0,369.0,,565.0,756.0,,944.0,1038.0,974.0,840.0,892.0,785.0,993.0,1232.0,1331.0,1504.0,657.0,261.0,1129.0,1136.0,1193.0,1204.0,1182.0,1091.0,1119.0,1133.0,1122.0,1142.0,1141.0,
PER,IP.PAT.RESD,53.0,,49.0,31.0,21.0,34.0,29.0,,52.0,48.0,,48.0,40.0,36.0,29.0,32.0,38.0,27.0,39.0,28.0,31.0,37.0,39.0,39.0,54.0,73.0,83.0,67.0,72.0,100.0,89.0,137.0,125.0,94.0,
PER,SP.POP.SCIE.RD.P6,,,,,,,,,,,,,,,,,,,,,,,,,,,,,,,,,,,
PER,SP.POP.TECH.RD.P6,,,,,,,,,,,,,,,,,,,,,,,,,,,,,,,,,,,
PER,TX.VAL.TECH.CD,,,,,,,,,,,,,,,,,,,,,121646088.0,121323412.0,267465442.0,322872160.0,202759364.0,203760428.0,206104838.0,219746239.0,186687218.0,211714389.0,210905058.0,179192646.0,172740806.0,,
PER,TX.VAL.TECH.MF.ZS,,,,,,,,,,,,,,,,,,,,,2.95007261608701,3.70917614499128,6.96714032707469,6.54226225495193,3.82556960888024,4.10930861128074,4.2521010388804,5.3052795966305,4.79970915401303,5.12232328639173,4.68019992138913,4.07500438789898,4.79483390340119,,
PRI,BM.GSR.ROYL.CD,,,,,,,,,,,,,,,,,,,,,,,,,,,,,,,,,,,
PRI,BX.GSR.ROYL.CD,,,,,,,,,,,,,,,,,,,,,,,,,,,,,,,,,,,
PRI,GB.XPD.RSDV.GD.ZS,,,,,,,,,,,,,,,,,,,,,,0.451310008764267,,,,0.438589990139008,,0.428829997777939,,,,,,,
PRI,IP.JRN.ARTC.SC,,,,,,,,,416.61,451.09,429.68,397.75,384.14,412.04,431.7,541.02,512.99,566.63,699.01,677.15,695.15,655.49,712.87,630.25,628.19,577.45,609.13,586.23,596.93,566.52,549.24,561.8,584.6,,
PRI,IP.PAT.NRES,,,,,,,,,,,,,,,,,,,,,,,,,,,,,,,,,,,
PRI,IP.PAT.RESD,,,,,,,,,,,,,,,,,,,,,,,,,,,,,,,,,,,
PRI,SP.POP.SCIE.RD.P6,,,,,,,,,,,,,,,,,,,,,,,,,,273.983703613281,,348.3642578125,,,,,,,
PRI,SP.POP.TECH.RD.P6,,,,,,,,,,,,,,,,,,,,,,,,,,168.67122,,156.14289,,,,,,,
PRI,TX.VAL.TECH.CD,,,,,,,,,,,,,,,,,,,,,,,,,,,,,,,,,,,
PRI,TX.VAL.TECH.MF.ZS,,,,,,,,,,,,,,,,,,,,,,,,,,,,,,,,,,,
QAT,BM.GSR.ROYL.CD,,,,,,,,,,,,,,,,,,,,,,,,,,,,,,,,,,,
QAT,BX.GSR.ROYL.CD,,,,,,,,,,,,,,,,,,,,,,,,,,,,,,,,,,,
QAT,GB.XPD.RSDV.GD.ZS,,,,,,,,,,,,,,,,,,,,,,,,,0.47859999537468,,,0.518830001354218,,,0.531289994716644,,,0.680779993534088,
QAT,IP.JRN.ARTC.SC,,,,,,,,,45.52,44.04,54.33,44.13,44.06,75.39,89.35,105.16,134.67,159.81,187.7,217.88,292.95,320.47,396.47,449.72,596.55,784.06,1075.86,1137.33,1395.84,1367.22,1508.57,1785.11,2346.63,,
QAT,IP.PAT.NRES,,,,,,,,,,,,,,,,,,,,,,,,,58.0,323.0,477.0,,548.0,574.0,,799.0,604.0,722.0,
QAT,IP.PAT.RESD,,,,,,,,,,,,,,,,,,,,,,,,,3.0,9.0,5.0,,16.0,19.0,,39.0,81.0,47.0,
QAT,SP.POP.SCIE.RD.P6,,,,,,,,,,,,,,,,,,,,,,,,,548.000915527344,,,583.982604980469,,,577.348510742188,,,902.577941894531,
QAT,SP.POP.TECH.RD.P6,,,,,,,,,,,,,,,,,,,,,,,,,179.62518,,,390.4962,,,397.09787,,,,
QAT,TX.VAL.TECH.CD,,,,,,,,,,,,,,,,,,,,,,950861.0,,112596.0,218668.0,27939.0,33371.0,96520458.0,62631.0,292250.0,155183661.0,122141.0,465899468.0,147164033.0,
QAT,TX.VAL.TECH.MF.ZS,,,,,,,,,,,,,,,,,,,,,,0.0270806530959672,,0.00550762892696716,0.00206709759897168,0.000299215615372818,0.0491247091487031,1.10117354479789,0.00113290778731859,0.00550620221792489,1.79884313275778,0.00250385574432895,7.10423740294596,1.71211525765042,
SGP,BM.GSR.ROYL.CD,,,,,,,,1713731369.60931,2021998180.90375,1938031179.16092,1896867135.84773,4325597311.23902,5099296388.74764,4937985653.47033,4948261884.12934,6775980331.19363,8054414738.83708,9494666989.10567,9765545019.71975,9810419779.24513,13604164838.3557,13438021506.0116,17029305529.2414,20346152652.4996,23105585202.3299,22992008311.3562,20877550215.0665,19400287309.2939,15666647583.9656,15810634176.3673,17249096446.9514,15161436539.0137,14882786028.7855,16325100174.9185,15806794003.8684
SGP,BX.GSR.ROYL.CD,,,,,,,,47976011.994003,53119029.0588513,43574721.0493853,49354635.3622575,58762564.2346804,64966578.948895,75681362.4877736,169162277.203117,215017554.601028,439822233.090796,650265336.255312,682722161.617858,874658975.671845,1213617593.72094,1430580234.61352,1933394857.6283,2659774337.11484,2812408517.96944,3414448973.06801,3909474764.21609,8651355627.07981,7045872839.45989,8006951861.97657,8780422708.37321,8692612661.04254,8777730130.64038,11080226773.6853,12341779497.0986
SGP,GB.XPD.RSDV.GD.ZS,,,,,,,,,1.31991004943848,1.41563999652863,1.73706996440887,1.81623995304108,1.81699001789093,2.00929999351501,2.03281998634338,1.99679005146027,2.07858991622925,2.14806008338928,2.1165599822998,2.31985998153687,2.59674000740051,2.12789988517761,1.92918002605438,2.06955003738403,1.91832995414734,1.92104005813599,2.082279920578,2.1744499206543,2.07427000999451,1.89952003955841,1.80902004241943,1.88516998291016,,,
SGP,IP.JRN.ARTC.SC,,,,,,,,,2440.02,3168.89,3211.31,4040.11,4812.54,4917.06,5494.59,6134.13,7460.22,8026.66,8337.4,8128.59,8657.21,8950.62,9878.21,10144.48,10726.75,10946.21,11163.71,11366.41,11796.3,11951.76,11768.55,11678.08,12221.19,,
SGP,IP.PAT.NRES,,,,,,,,2412.0,12357.0,6048.0,6367.0,6679.0,7720.0,7726.0,7575.0,7248.0,7944.0,8036.0,8537.0,9255.0,8899.0,7986.0,8878.0,8738.0,8604.0,8579.0,9009.0,9345.0,9379.0,9321.0,10270.0,12409.0,11487.0,12566.0,
SGP,IP.PAT.RESD,,,,,,,,145.0,224.0,288.0,311.0,374.0,516.0,524.0,624.0,626.0,641.0,569.0,626.0,696.0,793.0,750.0,895.0,1056.0,1081.0,1143.0,1303.0,1469.0,1601.0,1609.0,1575.0,1727.0,1778.0,2024.0,
SGP,SP.POP.SCIE.RD.P6,,,,,,,,,2503.44482421875,2586.2841796875,2951.8115234375,3185.64819335938,4128.40478515625,4105.91748046875,4414.81005859375,4849.2998046875,5113.2705078125,5576.89990234375,5686.4013671875,5962.7880859375,5829.34326171875,6146.3828125,6241.8623046875,6405.06884765625,6356.67236328125,6603.11279296875,6632.244140625,7006.6298828125,6934.9111328125,6814.625,6824.75,7286.86669921875,,,
SGP,SP.POP.TECH.RD.P6,,,,,,,,,310.89661,365.09832,349.44313,366.63571,337.56107,351.91292,386.34214,414.87204,487.27226,556.68876,544.4502,517.64611,596.68906,548.63333,456.33434,458.36186,456.30784,454.33141,450.68559,449.98133,422.28167,377.36817,,,,,
SGP,TX.VAL.TECH.CD,,,,,,,,,,,,,,,,,,,,109335741281.0,123642502446.0,99666676750.0,131843201449.0,132143652688.0,136447463120.0,143334169658.0,144926283078.0,138734952375.0,134922309330.0,146751912685.0,154866710827.0,150031230830.0,159927958418.0,,
SGP,TX.VAL.TECH.MF.ZS,,,,,,,,,,,,,,,,,,,,48.4824522880237,52.6669990863438,50.8813130760615,52.3210950143887,47.7222167790617,48.4544425358541,50.3195598343457,50.6329270700265,52.2107115853793,52.2257118831839,53.0658672823424,51.5636386905772,51.8079080799804,55.2574224526544,,
SLV,BM.GSR.ROYL.CD,3400000.0,1780000.0,1270382.08809929,2245322.24532225,5143028.007575,3447281.96180986,114563.94099957,2855647.04202561,228440.890919475,,,20300000.0,20500000.0,22100000.0,20400000.0,22200000.0,17750000.0,30400000.0,27300000.0,24100000.0,33700000.0,26050000.0,31490000.0,39934371.44,54681828.7,71564697.0875,68550429.24,70203548.96,136773816.79,138322271.49,88993637.94,97691759.79,97726353.84,111820409.21,123783408.75
SLV,BX.GSR.ROYL.CD,,,,,,229818.797453991,,,,,,1100000.0,2400000.0,1200000.0,1500000.0,200000.0,100000.0,2400000.0,500000.0,300000.0,1400000.0,440000.0,380000.0,286069.0,17650321.8,29478637.3,19142648.2,29143493.3225,55829521.84,62456353.55,7523539.35,2874603.77,709721.93,262572.52,158655.01
SLV,GB.XPD.RSDV.GD.ZS,,,,,,,,,,,0.0881799980998039,,,,,,,,,0.105599999427795,0.133990004658699,0.0908999964594841,0.0780600011348724,0.0355000011622906,0.0339699983596802,0.0638699978590012,0.0937699973583221,0.143480002880096,0.144930005073547,0.180779993534088,0.165309995412827,0.174769997596741,0.165289998054504,,
SLV,IP.JRN.ARTC.SC,,,,,,,,,4.23,4.04,2.14,4.79,2.95,8.39,13.78,6.68,18.14,14.77,19.24,14.88,20.19,15.24,20.07,17.51,19.87,15.39,18.89,24.12,29.68,26.67,40.45,23.9,16.97,,
SLV,IP.PAT.NRES,,34.0,44.0,26.0,97.0,75.0,76.0,64.0,,,,,,,,,,,,,,,,,217.0,183.0,187.0,196.0,171.0,178.0,136.0,147.0,143.0,144.0,
SLV,IP.PAT.RESD,,19.0,10.0,10.0,11.0,10.0,10.0,3.0,,,,,,,,,,,,,,,,,,,,7.0,4.0,4.0,3.0,1.0,4.0,2.0,
SLV,SP.POP.SCIE.RD.P6,,,,,,,,,,,,,,,,,,,,,,,,,,,,63.2398681640625,65.7631530761719,63.7119598388672,71.1755294799805,72.9830474853516,,,
SLV,SP.POP.TECH.RD.P6,,,,,,,,,,,,,,,,,,,,,,,,,,,,,14.0022,12.52323,21.64857,,,,
SLV,TX.VAL.TECH.CD,,,,,,,,,,,,,,,,,,,,190279412.0,202272102.0,178006149.0,235605824.0,238653942.0,225446746.0,227689956.0,226164854.0,208807067.0,223937040.0,251219320.0,277843373.0,230311118.0,235778576.0,358005862.0,
SLV,TX.VAL.TECH.MF.ZS,,,,,,,,,,,,,,,,,,,,6.32068573032431,5.89293798969962,6.45944817849059,7.32301147785948,6.63577999233058,6.00783781869385,5.65534820257836,5.65258610761317,4.97701392549515,5.37318944768425,5.73689999757221,6.12699337415169,5.14076264668843,6.58505006671481,7.36820424790901,
SYR,BM.GSR.ROYL.CD,,,,,,,,,,,,,,,,10000000.0,10000000.0,12000000.0,20000000.0,25000000.0,30000000.0,30000000.0,36553806.3403062,,,,,,,,,,,,
SYR,BX.GSR.ROYL.CD,,,,,,,,,,,,,,,,,,,,,,,1400000.0,,,,,,,,,,,,
SYR,GB.XPD.RSDV.GD.ZS,,,,,,,,,,,,,,,,,,,,,,,,,,,,0.0194199997931719,,,,,,,
SYR,IP.JRN.ARTC.SC,,,,,,,,,57.89,71.69,70.26,84.71,100.09,94.91,83.03,104.24,135.8,146.5,134.43,153.62,199.88,158.35,231.98,268.35,297.45,248.28,237.93,268.49,275.48,262.88,312.09,336.85,453.27,,
SYR,IP.PAT.NRES,,,,,33.0,40.0,42.0,68.0,59.0,46.0,9.0,,48.0,39.0,47.0,36.0,40.0,34.0,133.0,,,,,,,,,,,16.0,45.0,32.0,16.0,20.0,
SYR,IP.PAT.RESD,,,,,53.0,82.0,67.0,129.0,106.0,116.0,54.0,87.0,247.0,189.0,183.0,213.0,205.0,105.0,124.0,,,,,,,,,198.0,,120.0,103.0,121.0,76.0,102.0,
SYR,SP.POP.SCIE.RD.P6,,,,,,,,,,,,,,,,,,,,,,,,,,,,90.9575424194336,,,,,,,
SYR,SP.POP.TECH.RD.P6,,,,,,,,,,,,,,,,,,,,,,,,,,,,67.95423,,,,,,,
SYR,TX.VAL.TECH.CD,,,,,,,,,,,,,,,,,,,,,86642890.0,47278461.0,38812401.0,,,,,,,,,,,,
SYR,TX.VAL.TECH.MF.ZS,,,,,,,,,,,,,,,,,,,,,1.82443927459736,1.57187310026943,1.38292716055376,,,,,,,,,,,,
URY,BM.GSR.ROYL.CD,6300000.0,,,,,5700000.0,5000000.0,7600000.0,6300000.0,7000000.0,9200000.0,9300000.0,6476000.0,9766440.68,6757023.5879424,14027245.5130696,4314747.7420696,6908775.9360302,7287106.777162,7633470.99905988,16625936.3912042,21950555.7290322,26557142.3963474,33571028.4966882,87053683.5480724,113538506.143248,137250587.420938,102899213.553447,113353942.577859,122680491.611197,189310267.126432,182878101.293226,125883223.515584,158551631.626087,183343355.81924
URY,BX.GSR.ROYL.CD,,,,,,400000.0,500000.0,,,,,,91000.0,56000.0,16000.0,,33788.0,71000.0,,30000.0,96000.0,148000.0,201000.0,430000.0,47812689.1679255,40897807.0,57239039.7101042,37567858.3724656,37320269.0,39684711.0,55097275.0367649,34357141.194903,26244533.0141835,45054367.5351359,52062081.8683902
URY,GB.XPD.RSDV.GD.ZS,,,,,,,,,0.265009999275208,0.349940001964569,0.191860005259514,0.224169999361038,0.209250003099442,,0.238179996609688,,,0.460310012102127,0.366860002279282,0.428559988737106,0.383700013160706,0.415699988603592,0.342420011758804,0.345979988574982,0.325919985771179,0.310449987649918,0.340669989585876,0.380120009183884,0.375510007143021,0.44582000374794,0.511330008506775,0.432370007038116,0.447499990463257,,
URY,IP.JRN.ARTC.SC,,,,,,,,,166.03,199.77,216.66,202.75,224.92,234.78,274.53,282.4,306.7,348.92,362.95,381.29,438.47,469.42,496.41,575.59,574.73,584.69,724.15,689.1,828.56,774.67,894.82,942.34,959.51,,
URY,IP.PAT.NRES,144.0,111.0,,137.0,140.0,147.0,151.0,221.0,182.0,370.0,469.0,525.0,572.0,543.0,466.0,504.0,514.0,589.0,725.0,739.0,706.0,750.0,761.0,667.0,678.0,,639.0,532.0,,500.0,,,,,
URY,IP.PAT.RESD,28.0,23.0,,34.0,39.0,29.0,18.0,35.0,25.0,32.0,27.0,27.0,44.0,52.0,30.0,45.0,37.0,24.0,31.0,35.0,33.0,30.0,23.0,20.0,22.0,,37.0,26.0,,23.0,,,,,
URY,SP.POP.SCIE.RD.P6,,,,,,,,,,,,218.901870727539,277.645568847656,,373.417053222656,,,,,,427.816009521484,558.561462402344,629.302429199219,620.077453613281,638.063293457031,641.993408203125,654.621948242188,677.0205078125,697.695678710938,713.196411132812,763.636535644531,783.711303710938,795.686462402344,795.374450683594,
URY,SP.POP.TECH.RD.P6,,,,,,,,,,,,,,,,,,,,,,,,,,,,,,,,,,,
URY,TX.VAL.TECH.CD,,,,,,,,,,,,,,,,,,,,49306192.0,82005246.0,81823095.0,116183374.0,136348947.0,198244859.0,193922905.0,178779702.0,273942984.0,153433874.0,129215276.0,120197864.0,115768291.0,113421790.0,,
URY,TX.VAL.TECH.MF.ZS,,,,,,,,,,,,,,,,,,,,3.67828827689323,5.32890409470788,6.36034327316486,7.26032715676365,6.69748723624433,9.90398875283763,9.20466594994821,8.55345463207328,14.7424877623401,10.5960535494658,8.49114263279873,7.61625969379609,8.29796264090541,9.75821158505349,,
USA,BM.GSR.ROYL.CD,2601000000.0,2530000000.0,3140000000.0,4040000000.0,5162000000.0,5032000000.0,5852000000.0,6919000000.0,7837000000.0,9161000000.0,11235000000.0,12845000000.0,16139000000.0,16207000000.0,18981000000.0,18652000000.0,22818000000.0,24126000000.0,23075000000.0,24615000000.0,27764000000.0,29421000000.0,31115000000.0,32912000000.0,35061000000.0,35294000000.0,37562000000.0,35178000000.0,41974000000.0,44406000000.0,42736000000.0,42273000000.0,45026000000.0,46065000000.0,53241000000.0
USA,BX.GSR.ROYL.CD,12147000000.0,13820000000.0,16640000000.0,17820000000.0,20841000000.0,21694000000.0,26712000000.0,30289000000.0,32470000000.0,33228000000.0,35626000000.0,39913000000.0,43476000000.0,41004000000.0,44815000000.0,47307000000.0,56943000000.0,64466000000.0,70999000000.0,84497000000.0,89672000000.0,85730000000.0,94968000000.0,107053000000.0,107869000000.0,113824000000.0,116380000000.0,111151000000.0,112981000000.0,118147000000.0,114819000000.0,122533000000.0,115935000000.0,128352000000.0,127392000000.0
USA,GB.XPD.RSDV.GD.ZS,,,,,,,,,2.45001006126404,2.47983002662659,2.50400996208191,2.54951000213623,2.62914991378784,2.64826989173889,2.56097006797791,2.56494998931885,2.50171995162964,2.51646995544434,2.55746006965637,2.62754011154175,2.75722002983093,2.80703997612,2.7250599861145,2.75512003898621,2.67226004600525,2.70215010643005,2.71785998344421,2.78699994087219,2.85345005989075,2.9054799079895,3.01234006881714,3.17383003234863,3.42286992073059,,
USA,IP.JRN.ARTC.SC,,,,,,,,,313391.54,311116.82,302600.31,296940.93,306472.5,306733.89,320944.51,330542.54,354737.37,385577.39,389728.34,392348.65,395157.82,399757.26,409511.63,423222.43,425131.48,426596.66,428140.59,428203.78,428476.45,430198.17,435033.88,438020.45,455855.57,,
USA,IP.PAT.NRES,68644.0,76337.0,80520.0,84160.0,90922.0,84241.0,95522.0,104180.0,105054.0,101282.0,102246.0,116512.0,131100.0,148958.0,150200.0,153500.0,167407.0,182866.0,204182.0,214807.0,224733.0,231194.0,248249.0,255832.0,274033.0,283781.0,293706.0,301075.0,310244.0,313052.0,312046.0,336340.0,327586.0,329229.0,
USA,IP.PAT.RESD,75192.0,82370.0,90643.0,87955.0,92425.0,99955.0,107233.0,123962.0,106892.0,119214.0,134733.0,149251.0,164795.0,177513.0,184245.0,188941.0,189536.0,207867.0,221784.0,241347.0,231588.0,224912.0,241977.0,247750.0,268782.0,287831.0,285096.0,288335.0,295327.0,293904.0,285095.0,285113.0,269586.0,262244.0,
USA,SP.POP.SCIE.RD.P6,,,,,,,,,3140.32983398438,3242.75390625,3407.69970703125,3465.03125,3495.45947265625,3566.03002929688,3650.92041015625,3892.27221679688,3786.53686523438,3739.73559570312,3802.86962890625,3777.51416015625,3932.77685546875,4088.931640625,3883.22973632812,4025.4013671875,3989.56079101562,4090.93139648438,4205.87060546875,4269.8740234375,4251.1640625,4411.69921875,4748.841796875,4821.2275390625,,,
USA,SP.POP.TECH.RD.P6,,,,,,,,,,,,,,,,,,,,,,,,,,,,,,,,,,,
USA,TX.VAL.TECH.CD,,,,,,,,,,,,,,,,,,,,240506015844.0,243004983889.0,150884049387.0,166039756444.0,166463697491.0,169065944865.0,169222381420.0,175881164582.0,175243750732.0,173921742498.0,154545029027.0,153808462622.0,153923490830.0,141538563122.0,169217253983.0,
USA,TX.VAL.TECH.MF.ZS,,,,,,,,,,,,,,,,,,,,29.8795676378396,28.404430095272,24.3474619688628,22.6066683540001,20.6130352755425,20.1632971502574,20.1783051022364,20.4671436511588,21.3809410798361,22.4113430026498,19.2588183686194,18.4740536431417,18.6726517365752,19.4838486918049,19.8938692003858,
VEN,BM.GSR.ROYL.CD,,,,,,,,,2000000.0,146000000.0,94000000.0,186000000.0,184000000.0,260000000.0,211000000.0,183000000.0,219000000.0,239000000.0,257000000.0,276000000.0,349000000.0,352000000.0,340000000.0,364000000.0,397000000.0,394000000.0,400000000.0,382000000.0,258000000.0,,,,,,
VEN,BX.GSR.ROYL.CD,,,,,,,,,,,,,,,,,,,,,,,,,,,,,,,,,,,
VEN,GB.XPD.RSDV.GD.ZS,,,,,,,,,,,,,,,,,,0.189070001244545,0.31742000579834,0.201100006699562,0.238030001521111,0.240140005946159,0.188229992985725,0.152960002422333,0.250099986791611,0.31852999329567,0.337130010128021,,,,,,,,
VEN,IP.JRN.ARTC.SC,,,,,,,,,764.15,923.2,887.79,930.82,1039.07,1022.04,1052.92,1152.69,1077.59,1285.6,1388.74,1412.32,1616.91,1636.19,1475.25,1263.67,1310.94,1198.12,1241.07,977.41,860.3,830.28,687.51,602.42,657.27,,
VEN,IP.PAT.NRES,,1184.0,1090.0,1128.0,1338.0,1489.0,1505.0,,1822.0,2323.0,,,2292.0,,2150.0,1984.0,1873.0,2232.0,2439.0,2479.0,2325.0,2051.0,1773.0,1564.0,1461.0,1389.0,1377.0,928.0,560.0,338.0,,,,,
VEN,IP.PAT.RESD,,183.0,262.0,233.0,202.0,186.0,224.0,,182.0,201.0,,,56.0,,67.0,85.0,84.0,121.0,101.0,63.0,51.0,60.0,70.0,61.0,65.0,74.0,55.0,47.0,35.0,96.0,,,,,
VEN,SP.POP.SCIE.RD.P6,,,,,,,,,,,49.766918182373,56.2766990661621,61.7961502075195,71.4503936767578,70.1582183837891,95.8843231201172,105.744621276855,122.879280090332,148.118103027344,165.26220703125,190.368789672852,185.82991027832,204.044036865234,232.623565673828,295.836242675781,363.788513183594,272.676116943359,248.921035766602,300.25537109375,,,237.131454467773,291.145629882812,,
VEN,SP.POP.TECH.RD.P6,,,,,,,,,,,,,,,,,,,,,,,,,,,,,,,,,,,
VEN,TX.VAL.TECH.CD,,,,,,,,,,,,,,,,,,,,,,,,,,,,,,,,,,,
VEN,TX.VAL.TECH.MF.ZS,,,,,,,,,,,,,,,,,,,,,,,,,,,,,,,,,,,
